item,Theme,Category,Valence_mean,Valence_sd,Valence_class_mean,Valence_class_vote,Valence_pct_Negative,Valence_pct_Neutral,Valence_pct_Positive,Valence_agreement,Arousal_mean,Arousal_sd,Arousal_class_mean,Arousal_class_vote,Arousal_pct_Low,Arousal_pct_Medium,Arousal_pct_High,Arousal_agreement
I1,Acorns 1,Object,4.686274509803922,0.954202711685196,Positive,Neutral,0.0196078431372549,0.5392156862745098,0.4411764705882353,0.5392156862745098,2.3465346534653464,1.6027204594960185,Low,Low,0.7128712871287128,0.18811881188118812,0.09900990099009901,0.7128712871287128
I2,Acorns 2,Object,4.519607843137255,0.8411495217603575,Positive,Neutral,0.00980392156862745,0.6372549019607843,0.35294117647058826,0.6372549019607843,2.227722772277228,1.3991510863292205,Low,Low,0.7326732673267327,0.2079207920792079,0.0594059405940594,0.7326732673267327
I3,Acorns 3,Object,4.754901960784314,0.9589213671166937,Positive,Positive,0.0196078431372549,0.49019607843137253,0.49019607843137253,0.49019607843137253,2.3069306930693068,1.5148767227561837,Low,Low,0.7128712871287128,0.2079207920792079,0.07920792079207921,0.7128712871287128
I4,Alcohol 1,Object,4.685185185185185,1.189110624599528,Positive,Positive,0.10185185185185185,0.35185185185185186,0.5462962962962963,0.5462962962962963,2.8653846153846154,1.6955549671866457,Low,Low,0.5673076923076923,0.2403846153846154,0.19230769230769232,0.5673076923076923
I5,Alcohol 2,Object,4.25,1.1366864452285665,Neutral,Neutral,0.19444444444444445,0.48148148148148145,0.32407407407407407,0.48148148148148145,3.0,1.7009420576536831,Low,Low,0.5673076923076923,0.19230769230769232,0.2403846153846154,0.5673076923076923
I6,Alcohol 3,Object,4.166666666666667,0.9521250212418358,Neutral,Neutral,0.1111111111111111,0.6388888888888888,0.25,0.6388888888888888,2.3461538461538463,1.3848643042371018,Low,Low,0.7211538461538461,0.20192307692307693,0.07692307692307693,0.7211538461538461
I7,Alcohol 4,Object,4.768518518518518,1.1729544252723585,Positive,Positive,0.1111111111111111,0.3148148148148148,0.5740740740740741,0.5740740740740741,2.8653846153846154,1.6491109243850348,Low,Low,0.6057692307692307,0.16346153846153846,0.23076923076923078,0.6057692307692307
I8,Alcohol 5,Object,5.333333333333333,1.1286839206524002,Positive,Positive,0.029411764705882353,0.17647058823529413,0.7941176470588235,0.7941176470588235,3.5544554455445545,1.6029675450535639,Medium,Low,0.46534653465346537,0.21782178217821782,0.31683168316831684,0.46534653465346537
I9,Alcohol 6,Object,4.537037037037037,1.0450231489268589,Positive,Neutral,0.09259259259259259,0.46296296296296297,0.4444444444444444,0.46296296296296297,2.644230769230769,1.6305235875415909,Low,Low,0.6153846153846154,0.2403846153846154,0.14423076923076922,0.6153846153846154
I10,Alcohol 7,Object,4.475247524752476,1.1540715697558845,Neutral,Positive,0.15841584158415842,0.37623762376237624,0.46534653465346537,0.46534653465346537,3.1262135922330097,1.6549368310347683,Low,Low,0.5242718446601942,0.2815533980582524,0.1941747572815534,0.5242718446601942
I11,Alcohol 8,Object,5.475247524752476,1.1008547534160953,Positive,Positive,0.019801980198019802,0.18811881188118812,0.7920792079207921,0.7920792079207921,3.796116504854369,1.762124515981478,Medium,High,0.39805825242718446,0.17475728155339806,0.42718446601941745,0.42718446601941745
I12,Ambulance 1,Object,2.3333333333333335,1.0677953529997453,Negative,Negative,0.8518518518518519,0.12037037037037036,0.027777777777777776,0.8518518518518519,4.163461538461538,1.8067326993913728,Medium,High,0.3269230769230769,0.17307692307692307,0.5,0.5
I13,Ambulance 2,Object,3.1782178217821784,1.0714106552014535,Negative,Negative,0.6732673267326733,0.22772277227722773,0.09900990099009901,0.6732673267326733,3.411764705882353,1.7254813716440138,Low,Low,0.4803921568627451,0.16666666666666666,0.35294117647058826,0.4803921568627451
I14,Ambulance 3,Object,3.287128712871287,1.0985138475537424,Negative,Negative,0.5742574257425742,0.3069306930693069,0.1188118811881188,0.5742574257425742,3.6116504854368934,1.7835468611880327,Medium,Low,0.42718446601941745,0.1941747572815534,0.3786407766990291,0.42718446601941745
I15,Angry face 1,Person,3.3823529411764706,0.9548637106322311,Negative,Negative,0.5392156862745098,0.4019607843137255,0.058823529411764705,0.5392156862745098,3.257425742574257,1.4809015183092673,Low,Low,0.5247524752475248,0.3069306930693069,0.16831683168316833,0.5247524752475248
I16,Angry face 2,Person,3.0784313725490198,1.0406231426153334,Negative,Negative,0.7254901960784313,0.20588235294117646,0.06862745098039216,0.7254901960784313,3.5346534653465347,1.6826428999383296,Medium,Low,0.46534653465346537,0.1485148514851485,0.38613861386138615,0.46534653465346537
I17,Angry face 3,Person,2.5,1.0600765897979372,Negative,Negative,0.8529411764705882,0.10784313725490197,0.0392156862745098,0.8529411764705882,3.6633663366336635,1.7904034613615574,Medium,High,0.39603960396039606,0.1782178217821782,0.42574257425742573,0.42574257425742573
I18,Angry face 4,Person,2.4901960784313726,1.1410009331676374,Negative,Negative,0.8529411764705882,0.09803921568627451,0.049019607843137254,0.8529411764705882,3.871287128712871,1.8582968887485856,Medium,High,0.37623762376237624,0.15841584158415842,0.46534653465346537,0.46534653465346537
I19,Angry face 5,Person,2.8529411764705883,1.0282837650454413,Negative,Negative,0.7843137254901961,0.14705882352941177,0.06862745098039216,0.7843137254901961,3.5544554455445545,1.7576987655724885,Medium,Low,0.48514851485148514,0.1485148514851485,0.36633663366336633,0.48514851485148514
I20,Angry pose 1,Person,2.814814814814815,1.0425359820155666,Negative,Negative,0.7592592592592593,0.19444444444444445,0.046296296296296294,0.7592592592592593,3.6153846153846154,1.7916076867054311,Medium,Low,0.4326923076923077,0.21153846153846154,0.3557692307692308,0.4326923076923077
I21,Angry pose 2,Person,2.8055555555555554,0.9996105160514384,Negative,Negative,0.7777777777777778,0.19444444444444445,0.027777777777777776,0.7777777777777778,3.7211538461538463,1.770616319494105,Medium,Low,0.3942307692307692,0.22115384615384615,0.38461538461538464,0.3942307692307692
I22,Animal carcass 1,Animal,2.7222222222222223,1.2367679716003013,Negative,Negative,0.7592592592592593,0.1574074074074074,0.08333333333333333,0.7592592592592593,3.769230769230769,2.053794826399895,Medium,High,0.41346153846153844,0.1346153846153846,0.4519230769230769,0.4519230769230769
I23,Animal carcass 2,Animal,3.2549019607843137,1.3979211900745634,Negative,Negative,0.6078431372549019,0.24509803921568626,0.14705882352941177,0.6078431372549019,4.02970297029703,1.68793036316404,Medium,High,0.3465346534653465,0.16831683168316833,0.48514851485148514,0.48514851485148514
I24,Animal carcass 3,Animal,2.75,1.361177335367349,Negative,Negative,0.6944444444444444,0.19444444444444445,0.1111111111111111,0.6944444444444444,4.423076923076923,2.027444264696955,Medium,High,0.3173076923076923,0.08653846153846154,0.5961538461538461,0.5961538461538461
I25,Animal carcass 4,Animal,3.7941176470588234,1.3667786460177997,Neutral,Negative,0.4215686274509804,0.28431372549019607,0.29411764705882354,0.4215686274509804,4.198019801980198,1.618763738043313,Medium,High,0.297029702970297,0.21782178217821782,0.48514851485148514,0.48514851485148514
I26,Animal carcass 5,Animal,1.6176470588235294,1.0440222831264336,Negative,Negative,0.9117647058823529,0.058823529411764705,0.029411764705882353,0.9117647058823529,4.475247524752476,2.2741770353512085,Medium,High,0.31683168316831684,0.0594059405940594,0.6237623762376238,0.6237623762376238
I27,Animal carcass 6,Animal,2.3981481481481484,1.4721071096672915,Negative,Negative,0.7314814814814815,0.17592592592592593,0.09259259259259259,0.7314814814814815,4.721153846153846,2.1742389842350787,High,High,0.27884615384615385,0.04807692307692308,0.6730769230769231,0.6730769230769231
I28,Archery 1,Person,4.294117647058823,1.2788317324353184,Neutral,Positive,0.21568627450980393,0.37254901960784315,0.4117647058823529,0.4117647058823529,3.7524752475247523,1.5453539438850856,Medium,Low,0.4158415841584158,0.19801980198019803,0.38613861386138615,0.4158415841584158
I29,Archery 2,Person,4.813725490196078,0.972191483368331,Positive,Positive,0.0196078431372549,0.45098039215686275,0.5294117647058824,0.5294117647058824,3.4554455445544554,1.628034105756065,Low,Low,0.39603960396039606,0.31683168316831684,0.2871287128712871,0.39603960396039606
I30,Astronaut 1,Person,5.712962962962963,1.0855975220696892,Positive,Positive,0.018518518518518517,0.12962962962962962,0.8518518518518519,0.8518518518518519,4.5673076923076925,1.7723026713220307,High,High,0.21153846153846154,0.18269230769230768,0.6057692307692307,0.6057692307692307
I31,Astronaut 2,Person,5.137254901960785,1.1521758639679909,Positive,Positive,0.049019607843137254,0.30392156862745096,0.6470588235294118,0.6470588235294118,3.6732673267326734,1.5944209663140354,Medium,Low,0.40594059405940597,0.22772277227722773,0.36633663366336633,0.40594059405940597
I32,Baby 1,Person,6.175925925925926,0.9937063981260786,Positive,Positive,0.0,0.08333333333333333,0.9166666666666666,0.9166666666666666,4.086538461538462,1.7687172518390128,Medium,High,0.33653846153846156,0.125,0.5384615384615384,0.5384615384615384
I33,Baby 2,Person,6.027777777777778,1.0542156878508797,Positive,Positive,0.009259259259259259,0.10185185185185185,0.8888888888888888,0.8888888888888888,3.6634615384615383,1.836049880464823,Medium,High,0.3942307692307692,0.20192307692307693,0.40384615384615385,0.40384615384615385
I34,Baby 3,Person,5.841584158415841,1.1638958137851236,Positive,Positive,0.04950495049504951,0.06930693069306931,0.8811881188118812,0.8811881188118812,4.116504854368932,1.7450263825961476,Medium,High,0.2912621359223301,0.1941747572815534,0.5145631067961165,0.5145631067961165
I35,Baby 4,Person,5.920792079207921,1.2384116304107586,Positive,Positive,0.04950495049504951,0.0891089108910891,0.8613861386138614,0.8613861386138614,4.271844660194175,1.8587059316467611,Medium,High,0.3106796116504854,0.14563106796116504,0.5436893203883495,0.5436893203883495
I36,Baby 5,Person,6.138888888888889,1.063043886815568,Positive,Positive,0.009259259259259259,0.09259259259259259,0.8981481481481481,0.8981481481481481,3.7211538461538463,1.8299383552099668,Medium,High,0.38461538461538464,0.21153846153846154,0.40384615384615385,0.40384615384615385
I37,Baby 6,Person,6.046296296296297,0.9895175758334719,Positive,Positive,0.0,0.07407407407407407,0.9259259259259259,0.9259259259259259,3.6538461538461537,1.7668425612645127,Medium,Low,0.3942307692307692,0.2403846153846154,0.36538461538461536,0.3942307692307692
I38,Baby 7,Person,2.9705882352941178,1.3084332884619188,Negative,Negative,0.7745098039215687,0.11764705882352941,0.10784313725490197,0.7745098039215687,4.247524752475248,1.6697660949609645,Medium,High,0.3069306930693069,0.15841584158415842,0.5346534653465347,0.5346534653465347
I39,Baby 8,Person,6.101851851851852,1.1185756531704494,Positive,Positive,0.009259259259259259,0.07407407407407407,0.9166666666666666,0.9166666666666666,3.923076923076923,1.8522738987436873,Medium,High,0.36538461538461536,0.19230769230769232,0.4423076923076923,0.4423076923076923
I40,Baby 9,Person,5.852941176470588,1.2218883196972068,Positive,Positive,0.029411764705882353,0.09803921568627451,0.8725490196078431,0.8725490196078431,3.6435643564356437,1.7063654849758392,Medium,Low,0.42574257425742573,0.2079207920792079,0.36633663366336633,0.42574257425742573
I41,Baby 10,Person,5.421568627450981,1.3382142268806665,Positive,Positive,0.09803921568627451,0.13725490196078433,0.7647058823529411,0.7647058823529411,3.891089108910891,1.7023571311508634,Medium,High,0.3069306930693069,0.25742574257425743,0.43564356435643564,0.43564356435643564
I42,Band 1,Person,4.871287128712871,1.1105256983666218,Positive,Positive,0.07920792079207921,0.297029702970297,0.6237623762376238,0.6237623762376238,3.0097087378640777,1.4176419639189852,Low,Low,0.5631067961165048,0.2815533980582524,0.1553398058252427,0.5631067961165048
I43,Band 2,Person,5.1568627450980395,1.1146646082545908,Positive,Positive,0.0392156862745098,0.23529411764705882,0.7254901960784313,0.7254901960784313,3.8415841584158414,1.5474667897394552,Medium,Medium,0.31683168316831684,0.3465346534653465,0.33663366336633666,0.3465346534653465
I44,Bar 1,Scene,4.901960784313726,1.1816233498967261,Positive,Positive,0.058823529411764705,0.3333333333333333,0.6078431372549019,0.6078431372549019,3.4554455445544554,1.603276348451804,Low,Low,0.4158415841584158,0.2871287128712871,0.297029702970297,0.4158415841584158
I45,Bar 2,Scene,4.752475247524752,1.023776739275311,Positive,Positive,0.07920792079207921,0.36633663366336633,0.5544554455445545,0.5544554455445545,3.7864077669902914,1.7413679851045056,Medium,High,0.3786407766990291,0.21359223300970873,0.4077669902912621,0.4077669902912621
I46,Bar 3,Scene,4.490196078431373,1.303043642189246,Neutral,Positive,0.14705882352941177,0.3431372549019608,0.5098039215686274,0.5098039215686274,3.257425742574257,1.610300998860366,Low,Low,0.504950495049505,0.22772277227722773,0.26732673267326734,0.504950495049505
I47,Barbeque 1,Person,4.715686274509804,1.1550787635944033,Positive,Positive,0.10784313725490197,0.3627450980392157,0.5294117647058824,0.5294117647058824,3.0792079207920793,1.4190360694276356,Low,Low,0.5742574257425742,0.24752475247524752,0.1782178217821782,0.5742574257425742
I48,Barbeque 2,Person,5.148514851485149,1.2679600830772346,Positive,Positive,0.09900990099009901,0.21782178217821782,0.6831683168316832,0.6831683168316832,3.1262135922330097,1.5822521281604718,Low,Low,0.5339805825242718,0.24271844660194175,0.22330097087378642,0.5339805825242718
I49,Bark 1,Object,4.037037037037037,0.8638744059582061,Neutral,Neutral,0.12037037037037036,0.75,0.12962962962962962,0.75,2.0673076923076925,1.436449392029731,Low,Low,0.7115384615384616,0.23076923076923078,0.057692307692307696,0.7115384615384616
I50,Bark 2,Object,4.2592592592592595,0.8578430936237412,Neutral,Neutral,0.07407407407407407,0.7129629629629629,0.21296296296296297,0.7129629629629629,2.1153846153846154,1.4568731798908536,Low,Low,0.6923076923076923,0.25961538461538464,0.04807692307692308,0.6923076923076923
I51,Bark 3,Object,4.627450980392157,0.9325953207188807,Positive,Neutral,0.00980392156862745,0.5980392156862745,0.39215686274509803,0.5980392156862745,2.089108910891089,1.4359596784101571,Low,Low,0.7623762376237624,0.19801980198019803,0.039603960396039604,0.7623762376237624
I52,Bark 4,Object,4.237623762376238,0.7368651823975014,Neutral,Neutral,0.04950495049504951,0.7425742574257426,0.2079207920792079,0.7425742574257426,2.2427184466019416,1.5046725877815057,Low,Low,0.7184466019417476,0.1941747572815534,0.08737864077669903,0.7184466019417476
I53,Bark 5,Object,4.198019801980198,0.616762547179999,Neutral,Neutral,0.039603960396039604,0.7623762376237624,0.19801980198019803,0.7623762376237624,2.058252427184466,1.3778730605356697,Low,Low,0.7572815533980582,0.21359223300970873,0.02912621359223301,0.7572815533980582
I54,Bark 6,Object,4.257425742574258,0.6878003394377564,Neutral,Neutral,0.04950495049504951,0.7227722772277227,0.22772277227722773,0.7227722772277227,2.203883495145631,1.3816672459208148,Low,Low,0.7669902912621359,0.18446601941747573,0.04854368932038835,0.7669902912621359
I55,Barrels 1,Object,4.207920792079208,0.5712588149546284,Neutral,Neutral,0.0594059405940594,0.693069306930693,0.24752475247524752,0.693069306930693,2.466019417475728,1.4938798937244477,Low,Low,0.6796116504854369,0.23300970873786409,0.08737864077669903,0.6796116504854369
I56,BDSM 1,Person,4.333333333333333,1.484796437915381,Neutral,Positive,0.2647058823529412,0.2549019607843137,0.4803921568627451,0.4803921568627451,4.554455445544554,1.7174122832025656,High,High,0.25742574257425743,0.09900990099009901,0.6435643564356436,0.6435643564356436
I57,BDSM 2,Person,3.9306930693069306,1.570079142862386,Neutral,Negative,0.4158415841584158,0.19801980198019803,0.38613861386138615,0.4158415841584158,4.300970873786408,1.893409371520843,Medium,High,0.2912621359223301,0.18446601941747573,0.5242718446601942,0.5242718446601942
I58,BDSM 3,Person,3.9537037037037037,1.637094869676954,Neutral,Negative,0.3888888888888889,0.2962962962962963,0.3148148148148148,0.3888888888888889,4.221153846153846,1.723378544362651,Medium,High,0.27884615384615385,0.15384615384615385,0.5673076923076923,0.5673076923076923
I59,Beach 1,Scene,6.366336633663367,0.8452546631309138,Positive,Positive,0.009900990099009901,0.019801980198019802,0.9702970297029703,0.9702970297029703,4.737864077669903,1.6917398229050522,High,High,0.22330097087378642,0.17475728155339806,0.6019417475728155,0.6019417475728155
I60,Beach 2,Scene,6.323529411764706,0.9351419091322408,Positive,Positive,0.00980392156862745,0.0392156862745098,0.9509803921568627,0.9509803921568627,4.138613861386139,1.8656350284570506,Medium,High,0.31683168316831684,0.1782178217821782,0.504950495049505,0.504950495049505
I61,Beach 3,Scene,5.514851485148514,1.0827175198188916,Positive,Positive,0.019801980198019802,0.16831683168316833,0.8118811881188119,0.8118811881188119,3.8058252427184467,1.6571783982632298,Medium,High,0.3883495145631068,0.21359223300970873,0.39805825242718446,0.39805825242718446
I62,Beach 4,Scene,5.925925925925926,0.9735156801554253,Positive,Positive,0.009259259259259259,0.08333333333333333,0.9074074074074074,0.9074074074074074,3.625,1.7414841343782785,Medium,High,0.41346153846153844,0.16346153846153846,0.4230769230769231,0.4230769230769231
I63,Beach 5,Scene,5.592592592592593,1.2383063277880577,Positive,Positive,0.018518518518518517,0.19444444444444445,0.7870370370370371,0.7870370370370371,3.355769230769231,1.5698510796403418,Low,Low,0.5,0.19230769230769232,0.3076923076923077,0.5
I64,Beach 6,Scene,6.055555555555555,0.9651239166318637,Positive,Positive,0.0,0.07407407407407407,0.9259259259259259,0.9259259259259259,3.894230769230769,1.7676613326667605,Medium,High,0.3942307692307692,0.125,0.4807692307692308,0.4807692307692308
I65,Beach 7,Scene,6.068627450980392,0.967387048402655,Positive,Positive,0.0,0.08823529411764706,0.9117647058823529,0.9117647058823529,4.306930693069307,1.6837017209555007,Medium,High,0.297029702970297,0.13861386138613863,0.5643564356435643,0.5643564356435643
I66,Beach 8,Scene,5.852941176470588,1.0088426740874854,Positive,Positive,0.0,0.11764705882352941,0.8823529411764706,0.8823529411764706,3.891089108910891,1.8862714019939437,Medium,High,0.39603960396039606,0.1782178217821782,0.42574257425742573,0.42574257425742573
I67,Bear 1,Animal,5.148148148148148,1.142343997937008,Positive,Positive,0.05555555555555555,0.19444444444444445,0.75,0.75,3.3365384615384617,1.610707960627462,Low,Low,0.4807692307692308,0.27884615384615385,0.2403846153846154,0.4807692307692308
I68,Bear 2,Animal,4.416666666666667,1.3193385485187177,Neutral,Positive,0.24074074074074073,0.32407407407407407,0.4351851851851852,0.4351851851851852,3.7788461538461537,1.723378544362651,Medium,High,0.3942307692307692,0.18269230769230768,0.4230769230769231,0.4230769230769231
I69,Bear 3,Animal,5.465346534653466,0.9650321905060324,Positive,Positive,0.019801980198019802,0.12871287128712872,0.8514851485148515,0.8514851485148515,4.320388349514563,1.4499059620149388,Medium,High,0.23300970873786409,0.24271844660194175,0.5242718446601942,0.5242718446601942
I70,Bed 1,Object,4.01980198019802,0.9162990562016526,Neutral,Neutral,0.18811881188118812,0.6138613861386139,0.19801980198019803,0.6138613861386139,2.9902912621359223,1.7291908207964855,Low,Low,0.6019417475728155,0.1941747572815534,0.20388349514563106,0.6019417475728155
I71,Bee 1,Animal,3.6481481481481484,1.4808106823333043,Neutral,Negative,0.4444444444444444,0.3333333333333333,0.2222222222222222,0.4444444444444444,3.6153846153846154,1.7253545706097986,Medium,Low,0.40384615384615385,0.23076923076923078,0.36538461538461536,0.40384615384615385
I72,Biking 1,Person,5.088235294117647,1.0254478970835528,Positive,Positive,0.0196078431372549,0.29411764705882354,0.6862745098039216,0.6862745098039216,3.5742574257425743,1.538483244325172,Medium,Low,0.4158415841584158,0.2376237623762376,0.3465346534653465,0.4158415841584158
I73,Billiards 1,Object,4.519607843137255,0.8172689628033348,Positive,Neutral,0.00980392156862745,0.5980392156862745,0.39215686274509803,0.5980392156862745,2.5742574257425743,1.5188583518779184,Low,Low,0.6534653465346535,0.2079207920792079,0.13861386138613863,0.6534653465346535
I74,Bird 1,Animal,5.907407407407407,1.0096454178825156,Positive,Positive,0.009259259259259259,0.07407407407407407,0.9166666666666666,0.9166666666666666,3.0096153846153846,1.7376202469122712,Low,Low,0.6057692307692307,0.1346153846153846,0.25961538461538464,0.6057692307692307
I75,Bird 2,Animal,5.475247524752476,1.1008547534160953,Positive,Positive,0.0297029702970297,0.16831683168316833,0.801980198019802,0.801980198019802,3.6990291262135924,1.545613346471363,Medium,Low,0.4174757281553398,0.2524271844660194,0.3300970873786408,0.4174757281553398
I76,Bird 3,Animal,6.037037037037037,0.9562966528933707,Positive,Positive,0.0,0.05555555555555555,0.9444444444444444,0.9444444444444444,3.4326923076923075,1.7109834966373862,Low,Low,0.49038461538461536,0.18269230769230768,0.3269230769230769,0.49038461538461536
I77,Bird 4,Animal,5.549019607843137,1.0682404425858827,Positive,Positive,0.00980392156862745,0.17647058823529413,0.8137254901960784,0.8137254901960784,3.5742574257425743,1.7340503721257081,Medium,Low,0.44554455445544555,0.15841584158415842,0.39603960396039606,0.44554455445544555
I78,Bird 5,Animal,4.470588235294118,1.3766502777346736,Neutral,Positive,0.27450980392156865,0.19607843137254902,0.5294117647058824,0.5294117647058824,4.445544554455446,1.5458023646297898,Medium,High,0.21782178217821782,0.2376237623762376,0.5445544554455446,0.5445544554455446
I79,Birthday 1,Scene,5.784313725490196,0.9505334716883171,Positive,Positive,0.0,0.09803921568627451,0.9019607843137255,0.9019607843137255,3.4554455445544554,1.6341649395042566,Low,Low,0.44554455445544555,0.2376237623762376,0.31683168316831684,0.44554455445544555
I80,Birthday 2,Person,5.326732673267327,1.1756607579662521,Positive,Positive,0.07920792079207921,0.16831683168316833,0.7524752475247525,0.7524752475247525,3.378640776699029,1.5911304703307887,Low,Low,0.4563106796116505,0.2815533980582524,0.2621359223300971,0.4563106796116505
I81,Birthday 3,Scene,5.568627450980392,1.0484293195303458,Positive,Positive,0.00980392156862745,0.17647058823529413,0.8137254901960784,0.8137254901960784,3.4257425742574257,1.5188583518779184,Low,Low,0.45544554455445546,0.25742574257425743,0.2871287128712871,0.45544554455445546
I82,Bloody knife 1,Object,1.8431372549019607,1.0600308050746645,Negative,Negative,0.8921568627450981,0.0784313725490196,0.029411764705882353,0.8921568627450981,4.544554455445544,1.9366194901180125,High,High,0.25742574257425743,0.1188118811881188,0.6237623762376238,0.6237623762376238
I83,Bloody knife 2,Object,2.257425742574257,1.101394255900535,Negative,Negative,0.8316831683168316,0.13861386138613863,0.0297029702970297,0.8316831683168316,3.9029126213592233,1.9927051428667932,Medium,High,0.3883495145631068,0.1941747572815534,0.4174757281553398,0.4174757281553398
I84,Boat 1,Object,4.574074074074074,1.1290861717543077,Positive,Positive,0.1574074074074074,0.37962962962962965,0.46296296296296297,0.46296296296296297,2.798076923076923,1.7144718550032274,Low,Low,0.625,0.17307692307692307,0.20192307692307693,0.625
I85,Bored face 1,Person,3.6481481481481484,0.7771841674812054,Neutral,Neutral,0.3148148148148148,0.6296296296296297,0.05555555555555555,0.6296296296296297,2.375,1.4759397203993214,Low,Low,0.7211538461538461,0.22115384615384615,0.057692307692307696,0.7211538461538461
I86,Bored pose 1,Person,3.5588235294117645,1.0677405533845172,Neutral,Neutral,0.4411764705882353,0.45098039215686275,0.10784313725490197,0.45098039215686275,2.9207920792079207,1.446949676504554,Low,Low,0.5841584158415841,0.27722772277227725,0.13861386138613863,0.5841584158415841
I87,Bored pose 2,Person,3.1862745098039214,0.9721914833683309,Negative,Negative,0.6764705882352942,0.28431372549019607,0.0392156862745098,0.6764705882352942,2.742574257425743,1.5404769738398212,Low,Low,0.6336633663366337,0.25742574257425743,0.10891089108910891,0.6336633663366337
I88,Bored pose 3,Person,3.088235294117647,0.857153257279446,Negative,Negative,0.7156862745098039,0.23529411764705882,0.049019607843137254,0.7156862745098039,2.712871287128713,1.4787605192414783,Low,Low,0.6633663366336634,0.2079207920792079,0.12871287128712872,0.6633663366336634
I89,Bored pose 4,Person,3.127450980392157,1.0212743798604884,Negative,Negative,0.6176470588235294,0.3431372549019608,0.0392156862745098,0.6176470588235294,3.01980198019802,1.4420832016205027,Low,Low,0.5742574257425742,0.2871287128712871,0.13861386138613863,0.5742574257425742
I90,Bored pose 5,Person,3.801980198019802,0.9275753552159309,Neutral,Neutral,0.3564356435643564,0.4752475247524752,0.16831683168316833,0.4752475247524752,3.0388349514563107,1.4880064970412619,Low,Low,0.5339805825242718,0.3300970873786408,0.13592233009708737,0.5339805825242718
I91,Bored pose 6,Person,4.5588235294117645,1.2070217779767654,Positive,Positive,0.17647058823529413,0.3431372549019608,0.4803921568627451,0.4803921568627451,3.386138613861386,1.5809509608441559,Low,Low,0.4158415841584158,0.3069306930693069,0.27722772277227725,0.4158415841584158
I92,Bottle 1,Object,4.176470588235294,0.801134896811242,Neutral,Neutral,0.058823529411764705,0.7647058823529411,0.17647058823529413,0.7647058823529411,2.1584158415841586,1.3470907413186888,Low,Low,0.7128712871287128,0.25742574257425743,0.0297029702970297,0.7128712871287128
I93,Boxing 1,Person,3.735294117647059,1.2736979030688114,Neutral,Neutral,0.39215686274509803,0.4117647058823529,0.19607843137254902,0.4117647058823529,3.891089108910891,1.6667392723459173,Medium,High,0.3564356435643564,0.21782178217821782,0.42574257425742573,0.42574257425742573
I94,Boxing 2,Person,3.696078431372549,1.051064671788879,Neutral,Negative,0.4117647058823529,0.39215686274509803,0.19607843137254902,0.4117647058823529,4.198019801980198,1.5100980231772905,Medium,High,0.2871287128712871,0.21782178217821782,0.49504950495049505,0.49504950495049505
I95,Bricks 1,Object,4.1568627450980395,0.7140055472954167,Neutral,Neutral,0.058823529411764705,0.803921568627451,0.13725490196078433,0.803921568627451,1.811881188118812,1.2223982271512728,Low,Low,0.8118811881188119,0.1782178217821782,0.009900990099009901,0.8118811881188119
I96,Bridge 1,Scene,5.891089108910891,0.9990094103561779,Positive,Positive,0.009900990099009901,0.07920792079207921,0.9108910891089109,0.9108910891089109,3.5533980582524274,1.775255603467639,Medium,Low,0.47572815533980584,0.17475728155339806,0.34951456310679613,0.47572815533980584
I97,Bubble 1,Object,4.792079207920792,1.089190816002121,Positive,Positive,0.0297029702970297,0.48514851485148514,0.48514851485148514,0.48514851485148514,3.0776699029126213,1.6843531392824889,Low,Low,0.5533980582524272,0.2524271844660194,0.1941747572815534,0.5533980582524272
I98,Bubble 2,Object,5.0,1.0392304845413265,Positive,Positive,0.009900990099009901,0.3564356435643564,0.6336633663366337,0.6336633663366337,3.0388349514563107,1.7428978016515233,Low,Low,0.5922330097087378,0.1941747572815534,0.21359223300970873,0.5922330097087378
I99,Building 1,Scene,5.037037037037037,1.484662559137021,Positive,Positive,0.12962962962962962,0.23148148148148148,0.6388888888888888,0.6388888888888888,3.201923076923077,1.7481185875011853,Low,Low,0.5480769230769231,0.2403846153846154,0.21153846153846154,0.5480769230769231
I100,Building 2,Scene,4.796296296296297,1.1336753500180246,Positive,Neutral,0.06481481481481481,0.4722222222222222,0.46296296296296297,0.4722222222222222,3.173076923076923,1.8298618319759772,Low,Low,0.5384615384615384,0.14423076923076922,0.3173076923076923,0.5384615384615384
I101,Bungee jumping 1,Person,4.203703703703703,1.358663852021497,Neutral,Positive,0.2962962962962963,0.24074074074074073,0.46296296296296297,0.46296296296296297,4.5576923076923075,1.9747283115421912,High,High,0.2692307692307692,0.11538461538461539,0.6153846153846154,0.6153846153846154
I102,Bungee jumping 2,Person,4.764705882352941,1.1788269936488367,Positive,Positive,0.14705882352941177,0.23529411764705882,0.6176470588235294,0.6176470588235294,4.653465346534653,1.7171816651965304,High,High,0.2079207920792079,0.09900990099009901,0.693069306930693,0.693069306930693
I103,Bungee jumping 3,Person,5.111111111111111,1.362606993712656,Positive,Positive,0.1388888888888889,0.1574074074074074,0.7037037037037037,0.7037037037037037,4.355769230769231,1.6832600663839494,Medium,High,0.25961538461538464,0.17307692307692307,0.5673076923076923,0.5673076923076923
I104,Camping 1,Person,5.603960396039604,0.9806039763410311,Positive,Positive,0.0,0.1485148514851485,0.8514851485148515,0.8514851485148515,3.2524271844660193,1.607082648544797,Low,Low,0.5145631067961165,0.2524271844660194,0.23300970873786409,0.5145631067961165
I105,Camping 2,Person,4.96039603960396,1.1568992357090389,Positive,Positive,0.07920792079207921,0.26732673267326734,0.6534653465346535,0.6534653465346535,3.1844660194174756,1.6434514900977724,Low,Low,0.5242718446601942,0.27184466019417475,0.20388349514563106,0.5242718446601942
I106,Camping 3,Person,5.018518518518518,1.0320244281094353,Positive,Positive,0.05555555555555555,0.2777777777777778,0.6666666666666666,0.6666666666666666,2.980769230769231,1.5578225357930362,Low,Low,0.5576923076923077,0.27884615384615385,0.16346153846153846,0.5576923076923077
I107,Camping 4,Person,5.6568627450980395,1.1301020547905816,Positive,Positive,0.00980392156862745,0.17647058823529413,0.8137254901960784,0.8137254901960784,3.227722772277228,1.6302219978813428,Low,Low,0.48514851485148514,0.2376237623762376,0.27722772277227725,0.48514851485148514
I108,Camping 6,Person,3.881188118811881,1.0028671767773765,Neutral,Neutral,0.26732673267326734,0.5247524752475248,0.2079207920792079,0.5247524752475248,3.1359223300970873,1.435191752504613,Low,Low,0.5728155339805825,0.23300970873786409,0.1941747572815534,0.5728155339805825
I109,Camping 7,Person,5.215686274509804,0.8745856272622515,Positive,Positive,0.0,0.20588235294117646,0.7941176470588235,0.7941176470588235,2.98019801980198,1.3926966505294824,Low,Low,0.594059405940594,0.26732673267326734,0.13861386138613863,0.594059405940594
I110,Camping 8,Person,3.5588235294117645,1.3466021001300081,Neutral,Negative,0.46078431372549017,0.28431372549019607,0.2549019607843137,0.46078431372549017,3.732673267326733,1.6055596476550529,Medium,Low,0.38613861386138615,0.24752475247524752,0.36633663366336633,0.38613861386138615
I111,Camping 9,Person,3.9901960784313726,1.2546554735114306,Neutral,Neutral,0.3431372549019608,0.35294117647058826,0.30392156862745096,0.35294117647058826,3.495049504950495,1.706597564607647,Low,Low,0.44554455445544555,0.18811881188118812,0.36633663366336633,0.44554455445544555
I112,Camping 10,Scene,4.9411764705882355,1.1153610560627798,Positive,Positive,0.0784313725490196,0.3137254901960784,0.6078431372549019,0.6078431372549019,3.772277227722772,1.6179072168626474,Medium,High,0.3465346534653465,0.2871287128712871,0.36633663366336633,0.36633663366336633
I113,Candle 1,Object,5.049019607843137,1.0184189939000934,Positive,Positive,0.0196078431372549,0.3235294117647059,0.6568627450980392,0.6568627450980392,3.3069306930693068,1.6955387005752818,Low,Low,0.5148514851485149,0.16831683168316833,0.31683168316831684,0.5148514851485149
I114,Car 1,Object,5.2254901960784315,1.281296239890829,Positive,Positive,0.0392156862745098,0.3235294117647059,0.6372549019607843,0.6372549019607843,4.326732673267327,1.8820675380606782,Medium,High,0.3069306930693069,0.15841584158415842,0.5346534653465347,0.5346534653465347
I115,Car 2,Object,3.9207920792079207,1.0925490223951664,Neutral,Negative,0.3564356435643564,0.33663366336633666,0.3069306930693069,0.3564356435643564,2.8737864077669903,1.5698108519161893,Low,Low,0.6310679611650486,0.21359223300970873,0.1553398058252427,0.6310679611650486
I116,Car accident 1,Object,2.1470588235294117,0.9270100859622994,Negative,Negative,0.9313725490196079,0.06862745098039216,0.0,0.9313725490196079,4.099009900990099,1.7349636912341968,Medium,High,0.33663366336633666,0.09900990099009901,0.5643564356435643,0.5643564356435643
I117,Car accident 2,Object,1.9722222222222223,1.008916633119739,Negative,Negative,0.9351851851851852,0.046296296296296294,0.018518518518518517,0.9351851851851852,4.086538461538462,1.838691899535909,Medium,High,0.3269230769230769,0.14423076923076922,0.5288461538461539,0.5288461538461539
I118,Car accident 3,Object,2.676470588235294,1.2520222430716577,Negative,Negative,0.7745098039215687,0.1568627450980392,0.06862745098039216,0.7745098039215687,4.4950495049504955,1.60389377688323,Medium,High,0.2079207920792079,0.1782178217821782,0.6138613861386139,0.6138613861386139
I119,Car accident 4,Object,2.0277777777777777,0.9418448126365312,Negative,Negative,0.9351851851851852,0.05555555555555555,0.009259259259259259,0.9351851851851852,3.9615384615384617,1.811093522179118,Medium,High,0.36538461538461536,0.1346153846153846,0.5,0.5
I120,Car crash 1,Scene,1.8529411764705883,0.7629678739655771,Negative,Negative,0.9901960784313726,0.00980392156862745,0.0,0.9901960784313726,4.554455445544554,1.7576987655724883,High,High,0.2376237623762376,0.12871287128712872,0.6336633663366337,0.6336633663366337
I121,Car crash 2,Scene,1.99009900990099,0.8306027871967502,Negative,Negative,0.9702970297029703,0.019801980198019802,0.009900990099009901,0.9702970297029703,4.213592233009709,1.8768480327342163,Medium,High,0.30097087378640774,0.1262135922330097,0.5728155339805825,0.5728155339805825
I122,Car crash 3,Scene,2.0294117647058822,0.8260113195702835,Negative,Negative,0.9607843137254902,0.029411764705882353,0.00980392156862745,0.9607843137254902,4.663366336633663,1.7220756529419505,High,High,0.2376237623762376,0.15841584158415842,0.6039603960396039,0.6039603960396039
I123,Car race 1,Scene,4.388888888888889,1.1667779208190834,Neutral,Neutral,0.14814814814814814,0.4537037037037037,0.39814814814814814,0.4537037037037037,3.2115384615384617,1.8310858199603168,Low,Low,0.5192307692307693,0.21153846153846154,0.2692307692307692,0.5192307692307693
I124,Car race 2,Scene,4.366336633663367,1.0651081849016815,Neutral,Neutral,0.13861386138613863,0.44554455445544555,0.4158415841584158,0.44554455445544555,3.592233009708738,1.8119261401423208,Medium,Low,0.44660194174757284,0.22330097087378642,0.3300970873786408,0.44660194174757284
I125,Car race 3,Scene,4.396039603960396,1.0777681375953927,Neutral,Neutral,0.12871287128712872,0.49504950495049505,0.37623762376237624,0.49504950495049505,3.6893203883495147,1.7988510832957678,Medium,Low,0.3786407766990291,0.2815533980582524,0.33980582524271846,0.3786407766990291
I126,Car race 4,Scene,4.147058823529412,1.1379768292158965,Neutral,Neutral,0.17647058823529413,0.5294117647058824,0.29411764705882354,0.5294117647058824,3.4752475247524752,1.7297055206360452,Low,Low,0.4752475247524752,0.22772277227722773,0.297029702970297,0.4752475247524752
I127,Cardboard 1,Object,4.018518518518518,0.431937202979103,Neutral,Neutral,0.046296296296296294,0.8981481481481481,0.05555555555555555,0.8981481481481481,1.9807692307692308,1.3722688266649126,Low,Low,0.7403846153846154,0.23076923076923078,0.028846153846153848,0.7403846153846154
I128,Cardboard 2,Object,4.0092592592592595,0.5879692656849509,Neutral,Neutral,0.05555555555555555,0.8703703703703703,0.07407407407407407,0.8703703703703703,2.0673076923076925,1.4764456340250107,Low,Low,0.7019230769230769,0.2403846153846154,0.057692307692307696,0.7019230769230769
I129,Cardboard 3,Object,3.7450980392156863,0.8045203295070775,Neutral,Neutral,0.22549019607843138,0.7352941176470589,0.0392156862745098,0.7352941176470589,1.8613861386138615,1.2730255533200978,Low,Low,0.7821782178217822,0.2079207920792079,0.009900990099009901,0.7821782178217822
I130,Cat 1,Animal,5.421568627450981,1.1641193034519206,Positive,Positive,0.0392156862745098,0.19607843137254902,0.7647058823529411,0.7647058823529411,3.8415841584158414,1.5731031324571618,Medium,High,0.3465346534653465,0.22772277227722773,0.42574257425742573,0.42574257425742573
I131,Cat 2,Animal,5.4950495049504955,1.1715268872393634,Positive,Positive,0.039603960396039604,0.1485148514851485,0.8118811881188119,0.8118811881188119,3.9805825242718447,1.7488404142727163,Medium,High,0.33980582524271846,0.20388349514563106,0.4563106796116505,0.4563106796116505
I132,Cat 3,Animal,6.0,1.119078392516865,Positive,Positive,0.027777777777777776,0.05555555555555555,0.9166666666666666,0.9166666666666666,4.221153846153846,1.9002132265087135,Medium,High,0.2980769230769231,0.18269230769230768,0.5192307692307693,0.5192307692307693
I133,Cat 4,Animal,5.8431372549019605,1.0785496131858197,Positive,Positive,0.00980392156862745,0.10784313725490197,0.8823529411764706,0.8823529411764706,3.5346534653465347,1.7638841029707342,Medium,Low,0.45544554455445546,0.21782178217821782,0.32673267326732675,0.45544554455445546
I134,Cat 5,Animal,6.215686274509804,0.9913232578689577,Positive,Positive,0.029411764705882353,0.029411764705882353,0.9411764705882353,0.9411764705882353,4.861386138613861,1.7890204189460612,High,High,0.18811881188118812,0.1188118811881188,0.693069306930693,0.693069306930693
I135,Cat 6,Animal,4.715686274509804,1.4649532887520977,Positive,Positive,0.2549019607843137,0.16666666666666666,0.5784313725490197,0.5784313725490197,4.02970297029703,1.68793036316404,Medium,High,0.33663366336633666,0.24752475247524752,0.4158415841584158,0.4158415841584158
I136,Cat 7,Animal,3.323529411764706,1.2599054239680871,Negative,Negative,0.696078431372549,0.12745098039215685,0.17647058823529413,0.696078431372549,4.405940594059406,1.5759328527686842,Medium,High,0.26732673267326734,0.1485148514851485,0.5841584158415841,0.5841584158415841
I137,Cat 8,Animal,4.764705882352941,1.3800306395524953,Positive,Positive,0.21568627450980393,0.22549019607843138,0.5588235294117647,0.5588235294117647,3.633663366336634,1.508129784051941,Medium,Low,0.42574257425742573,0.2079207920792079,0.36633663366336633,0.42574257425742573
I138,Cat 9,Animal,5.333333333333333,1.339549373246274,Positive,Positive,0.06481481481481481,0.19444444444444445,0.7407407407407407,0.7407407407407407,3.605769230769231,1.7538765343332579,Medium,Low,0.4519230769230769,0.20192307692307693,0.34615384615384615,0.4519230769230769
I139,Cat 10,Animal,5.450980392156863,1.1572197047908752,Positive,Positive,0.0392156862745098,0.17647058823529413,0.7843137254901961,0.7843137254901961,3.4257425742574257,1.4788274723811792,Low,Low,0.46534653465346537,0.21782178217821782,0.31683168316831684,0.46534653465346537
I140,Cat 11,Animal,5.366336633663367,1.1808706303166976,Positive,Positive,0.06930693069306931,0.15841584158415842,0.7722772277227723,0.7722772277227723,3.6019417475728157,1.6410171751454663,Medium,Low,0.44660194174757284,0.24271844660194175,0.3106796116504854,0.44660194174757284
I141,Cat 12,Animal,5.185185185185185,1.239144626199171,Positive,Positive,0.06481481481481481,0.2037037037037037,0.7314814814814815,0.7314814814814815,3.3846153846153846,1.7197182672158735,Low,Low,0.47115384615384615,0.2403846153846154,0.28846153846153844,0.47115384615384615
I142,Cat 13,Animal,5.455445544554456,1.1621080197231883,Positive,Positive,0.039603960396039604,0.13861386138613863,0.8217821782178217,0.8217821782178217,3.7184466019417477,1.9322722361690428,Medium,Low,0.47572815533980584,0.11650485436893204,0.4077669902912621,0.47572815533980584
I143,Cat 14,Animal,5.705882352941177,1.156884132881604,Positive,Positive,0.029411764705882353,0.11764705882352941,0.8529411764705882,0.8529411764705882,4.00990099009901,1.7175275805933976,Medium,High,0.33663366336633666,0.2079207920792079,0.45544554455445546,0.45544554455445546
I144,Celebration 1,Person,5.323529411764706,1.10947106036158,Positive,Positive,0.058823529411764705,0.17647058823529413,0.7647058823529411,0.7647058823529411,3.801980198019802,1.691270540039044,Medium,High,0.38613861386138615,0.19801980198019803,0.4158415841584158,0.4158415841584158
I145,Celebration 2,Scene,4.892156862745098,1.0708270399125537,Positive,Positive,0.0784313725490196,0.29411764705882354,0.6274509803921569,0.6274509803921569,4.158415841584159,1.4746706294446006,Medium,High,0.27722772277227725,0.26732673267326734,0.45544554455445546,0.45544554455445546
I146,Cemetery 1,Scene,4.107843137254902,1.3563701030097113,Neutral,Neutral,0.29411764705882354,0.35294117647058826,0.35294117647058826,0.35294117647058826,3.485148514851485,1.6829370837089461,Low,Low,0.504950495049505,0.15841584158415842,0.33663366336633666,0.504950495049505
I147,Cemetery 2,Scene,3.99009900990099,1.292246489683377,Neutral,Negative,0.37623762376237624,0.31683168316831684,0.3069306930693069,0.37623762376237624,4.213592233009709,1.9334541143994346,Medium,High,0.34951456310679613,0.1262135922330097,0.5242718446601942,0.5242718446601942
I148,Cemetery 3,Scene,2.9444444444444446,1.372856584823124,Negative,Negative,0.6759259259259259,0.21296296296296297,0.1111111111111111,0.6759259259259259,3.6346153846153846,1.8853430184549294,Medium,Low,0.46153846153846156,0.16346153846153846,0.375,0.46153846153846156
I149,Cemetery 4,Scene,2.7941176470588234,1.188544623754529,Negative,Negative,0.7450980392156863,0.18627450980392157,0.06862745098039216,0.7450980392156863,4.336633663366337,1.9093309180064744,Medium,High,0.31683168316831684,0.13861386138613863,0.5445544554455446,0.5445544554455446
I150,Cemetery 5,Scene,2.5098039215686274,1.2247052426888756,Negative,Negative,0.8235294117647058,0.11764705882352941,0.058823529411764705,0.8235294117647058,4.702970297029703,1.830543932580945,High,High,0.24752475247524752,0.0891089108910891,0.6633663366336634,0.6633663366336634
I151,Cheerleader 1,Person,5.294117647058823,1.2153167316791782,Positive,Positive,0.058823529411764705,0.20588235294117646,0.7352941176470589,0.7352941176470589,4.2772277227722775,1.7384982708141423,Medium,High,0.27722772277227725,0.15841584158415842,0.5643564356435643,0.5643564356435643
I152,Cheerleader 2,Person,5.198019801980198,1.1047153658766409,Positive,Positive,0.06930693069306931,0.15841584158415842,0.7722772277227723,0.7722772277227723,4.12621359223301,1.6490021442005907,Medium,High,0.3106796116504854,0.22330097087378642,0.46601941747572817,0.46601941747572817
I153,Child labor 1,Person,4.2592592592592595,1.0081014854932273,Neutral,Neutral,0.16666666666666666,0.4351851851851852,0.39814814814814814,0.4351851851851852,3.2788461538461537,1.4972903083115525,Low,Low,0.4807692307692308,0.3076923076923077,0.21153846153846154,0.4807692307692308
I154,Child labor 2,Person,2.8217821782178216,1.1260198897351714,Negative,Negative,0.7722772277227723,0.15841584158415842,0.06930693069306931,0.7722772277227723,3.650485436893204,1.7971040858486946,Medium,Medium,0.4174757281553398,0.1650485436893204,0.4174757281553398,0.1650485436893204
I155,Child labor 3,Person,4.088235294117647,1.1782092568807196,Neutral,Neutral,0.24509803921568626,0.4215686274509804,0.3333333333333333,0.4215686274509804,3.504950495049505,1.5850789404710268,Medium,Low,0.43564356435643564,0.25742574257425743,0.3069306930693069,0.43564356435643564
I156,Child labor 4,Person,4.018518518518518,0.9951422335899628,Neutral,Neutral,0.2037037037037037,0.5370370370370371,0.25925925925925924,0.5370370370370371,3.0384615384615383,1.5822012251774267,Low,Low,0.5480769230769231,0.2692307692307692,0.18269230769230768,0.5480769230769231
I157,Children 1,Person,5.7227722772277225,1.0499410638810933,Positive,Positive,0.0297029702970297,0.07920792079207921,0.8910891089108911,0.8910891089108911,3.5242718446601944,1.7083684464732387,Medium,Low,0.39805825242718446,0.2621359223300971,0.33980582524271846,0.39805825242718446
I158,Chipmunk 1,Animal,5.411764705882353,1.0841151995386396,Positive,Positive,0.0196078431372549,0.19607843137254902,0.7843137254901961,0.7843137254901961,3.277227722772277,1.6620397822025088,Low,Low,0.45544554455445546,0.297029702970297,0.24752475247524752,0.45544554455445546
I159,Chipmunk 2,Animal,5.735294117647059,0.9326473614164865,Positive,Positive,0.0196078431372549,0.0392156862745098,0.9411764705882353,0.9411764705882353,4.23,1.716556336554573,Medium,High,0.3,0.16,0.54,0.54
I160,Chipmunk 3,Animal,5.529411764705882,0.908767878225174,Positive,Positive,0.0,0.12745098039215685,0.8725490196078431,0.8725490196078431,3.722772277227723,1.6438905795775345,Medium,Low,0.42574257425742573,0.1782178217821782,0.39603960396039606,0.42574257425742573
I161,City 1,Scene,4.435643564356436,1.0432242480325926,Neutral,Positive,0.12871287128712872,0.42574257425742573,0.44554455445544555,0.44554455445544555,3.1359223300970873,1.5658646905790934,Low,Low,0.5145631067961165,0.33980582524271846,0.14563106796116504,0.5145631067961165
I162,Clean 1,Object,5.046296296296297,1.0798430074477576,Positive,Positive,0.027777777777777776,0.35185185185185186,0.6203703703703703,0.6203703703703703,2.3653846153846154,1.4881910065559545,Low,Low,0.7115384615384616,0.18269230769230768,0.10576923076923077,0.7115384615384616
I163,Cliff diver 1,Person,4.833333333333333,1.267126892247223,Positive,Positive,0.14705882352941177,0.20588235294117646,0.6470588235294118,0.6470588235294118,4.851485148514851,1.5898813705044876,High,High,0.16831683168316833,0.09900990099009901,0.7326732673267327,0.7326732673267327
I164,Cliff diver 2,Person,5.108910891089109,1.0573645549100832,Positive,Positive,0.04950495049504951,0.25742574257425743,0.693069306930693,0.693069306930693,4.087378640776699,1.6396245153400264,Medium,High,0.3106796116504854,0.21359223300970873,0.47572815533980584,0.47572815533980584
I165,Cliff diver 3,Person,5.12037037037037,1.3990490267681102,Positive,Positive,0.1388888888888889,0.08333333333333333,0.7777777777777778,0.7777777777777778,4.75,1.6295213425497816,High,High,0.21153846153846154,0.15384615384615385,0.6346153846153846,0.6346153846153846
I166,Cockroach 1,Animal,2.0588235294117645,1.1758588974735098,Negative,Negative,0.8921568627450981,0.08823529411764706,0.0196078431372549,0.8921568627450981,4.346534653465347,2.174560385753205,Medium,High,0.32673267326732675,0.0891089108910891,0.5841584158415841,0.5841584158415841
I167,Cockroach 2,Animal,2.264705882352941,1.2968085012352233,Negative,Negative,0.8431372549019608,0.09803921568627451,0.058823529411764705,0.8431372549019608,4.108910891089109,2.1674915921359874,Medium,High,0.37623762376237624,0.0891089108910891,0.5346534653465347,0.5346534653465347
I168,Cockroach 3,Animal,2.450980392156863,1.309730914699144,Negative,Negative,0.7843137254901961,0.16666666666666666,0.049019607843137254,0.7843137254901961,3.9405940594059405,2.0679544587742638,Medium,High,0.38613861386138615,0.12871287128712872,0.48514851485148514,0.48514851485148514
I169,Cockroach 4,Animal,2.284313725490196,1.2378314716014347,Negative,Negative,0.8333333333333334,0.13725490196078433,0.029411764705882353,0.8333333333333334,3.9405940594059405,2.0872076187012056,Medium,High,0.37623762376237624,0.1485148514851485,0.4752475247524752,0.4752475247524752
I170,Coffee 1,Object,5.549019607843137,1.0956931978296396,Positive,Positive,0.0196078431372549,0.13725490196078433,0.8431372549019608,0.8431372549019608,3.801980198019802,1.708916627458449,Medium,High,0.36633663366336633,0.2376237623762376,0.39603960396039606,0.39603960396039606
I171,Cold 1,Object,3.99009900990099,1.0535183862178248,Neutral,Neutral,0.3069306930693069,0.40594059405940597,0.2871287128712871,0.40594059405940597,3.4757281553398056,1.6618242999208275,Low,Low,0.47572815533980584,0.21359223300970873,0.3106796116504854,0.47572815533980584
I172,Cold 2,Object,4.732673267326732,0.7986374535283314,Positive,Positive,0.009900990099009901,0.43564356435643564,0.5544554455445545,0.5544554455445545,2.592233009708738,1.5682942726307276,Low,Low,0.6893203883495146,0.1941747572815534,0.11650485436893204,0.6893203883495146
I173,Cold 3,Object,4.882352941176471,1.0651464608729053,Positive,Positive,0.049019607843137254,0.3627450980392157,0.5882352941176471,0.5882352941176471,2.801980198019802,1.5812640638438478,Low,Low,0.6237623762376238,0.19801980198019803,0.1782178217821782,0.6237623762376238
I174,Cold 4,Object,5.068627450980392,1.0269613345230284,Positive,Positive,0.0196078431372549,0.3235294117647059,0.6568627450980392,0.6568627450980392,2.9603960396039604,1.6365866434699259,Low,Low,0.5841584158415841,0.21782178217821782,0.19801980198019803,0.5841584158415841
I175,Cold 5,Scene,5.4907407407407405,1.0366676516641786,Positive,Positive,0.027777777777777776,0.1388888888888889,0.8333333333333334,0.8333333333333334,3.201923076923077,1.8558739479097837,Low,Low,0.5576923076923077,0.1346153846153846,0.3076923076923077,0.5576923076923077
I176,Cold 6,Person,4.96078431372549,1.0983477116073437,Positive,Positive,0.0784313725490196,0.28431372549019607,0.6372549019607843,0.6372549019607843,4.287128712871287,1.633013372041799,Medium,High,0.26732673267326734,0.15841584158415842,0.5742574257425742,0.5742574257425742
I177,Cold 7,Person,5.294117647058823,1.1482939156484289,Positive,Positive,0.0392156862745098,0.23529411764705882,0.7254901960784313,0.7254901960784313,3.386138613861386,1.8653165791881172,Low,Low,0.504950495049505,0.1485148514851485,0.3465346534653465,0.504950495049505
I178,Cold 8,Object,5.524752475247524,1.1627042565153067,Positive,Positive,0.0594059405940594,0.10891089108910891,0.8316831683168316,0.8316831683168316,3.4854368932038833,1.6853700220350922,Low,Low,0.46601941747572817,0.22330097087378642,0.3106796116504854,0.46601941747572817
I179,Collaboration 1,Person,5.431372549019608,0.9699423676006248,Positive,Positive,0.0,0.17647058823529413,0.8235294117647058,0.8235294117647058,3.3465346534653464,1.6027204594960185,Low,Low,0.45544554455445546,0.24752475247524752,0.297029702970297,0.45544554455445546
I180,Cotton swabs 1,Object,4.098039215686274,0.7380708587299118,Neutral,Neutral,0.06862745098039216,0.803921568627451,0.12745098039215685,0.803921568627451,2.1881188118811883,1.3907758359069136,Low,Low,0.7524752475247525,0.18811881188118812,0.0594059405940594,0.7524752475247525
I181,Cotton swabs 2,Object,4.0588235294117645,0.5231952366741396,Neutral,Neutral,0.049019607843137254,0.8431372549019608,0.10784313725490197,0.8431372549019608,1.8613861386138615,1.2492373911334629,Low,Low,0.801980198019802,0.1782178217821782,0.019801980198019802,0.801980198019802
I182,Cotton swabs 3,Object,4.127450980392157,0.6080575895643044,Neutral,Neutral,0.0392156862745098,0.803921568627451,0.1568627450980392,0.803921568627451,1.811881188118812,1.2466986106283164,Low,Low,0.8118811881188119,0.16831683168316833,0.019801980198019802,0.8118811881188119
I183,Couple 1,Person,5.53921568627451,1.248139753436265,Positive,Positive,0.0392156862745098,0.11764705882352941,0.8431372549019608,0.8431372549019608,3.9603960396039604,1.6608479284944055,Medium,High,0.3069306930693069,0.2079207920792079,0.48514851485148514,0.48514851485148514
I184,Couple 2,Person,5.627450980392157,1.0892959723578661,Positive,Positive,0.0392156862745098,0.08823529411764706,0.8725490196078431,0.8725490196078431,3.772277227722772,1.5289289592313429,Medium,Low,0.38613861386138615,0.3069306930693069,0.3069306930693069,0.38613861386138615
I185,Couple 3,Person,4.0092592592592595,1.410874789084493,Neutral,Negative,0.4537037037037037,0.23148148148148148,0.3148148148148148,0.4537037037037037,3.4423076923076925,1.6359251002208162,Low,Low,0.4519230769230769,0.2692307692307692,0.27884615384615385,0.4519230769230769
I186,Couple 4,Person,5.970588235294118,1.2384586584028927,Positive,Positive,0.0392156862745098,0.0784313725490196,0.8823529411764706,0.8823529411764706,4.534653465346534,1.4530268850619632,High,High,0.18811881188118812,0.25742574257425743,0.5544554455445545,0.5544554455445545
I187,Couple 5,Animal,4.9907407407407405,1.278838333628737,Positive,Positive,0.08333333333333333,0.2037037037037037,0.7129629629629629,0.7129629629629629,3.4711538461538463,1.6307525856239025,Low,Low,0.47115384615384615,0.23076923076923078,0.2980769230769231,0.47115384615384615
I188,Couple 6,Person,5.607843137254902,1.1004667123777285,Positive,Positive,0.029411764705882353,0.10784313725490197,0.8627450980392157,0.8627450980392157,4.138613861386139,1.5101635869686239,Medium,High,0.24752475247524752,0.3069306930693069,0.44554455445544555,0.44554455445544555
I189,Couple 7,Person,5.916666666666667,0.9582402094805982,Positive,Positive,0.009259259259259259,0.07407407407407407,0.9166666666666666,0.9166666666666666,4.25,1.3635333882860639,Medium,High,0.2692307692307692,0.22115384615384615,0.5096153846153846,0.5096153846153846
I190,Couple 8,Person,5.7592592592592595,1.0578621570750175,Positive,Positive,0.018518518518518517,0.1111111111111111,0.8703703703703703,0.8703703703703703,4.163461538461538,1.5894712861137612,Medium,High,0.28846153846153844,0.20192307692307693,0.5096153846153846,0.5096153846153846
I191,Couple 9,Person,5.814814814814815,1.0060392232199373,Positive,Positive,0.009259259259259259,0.09259259259259259,0.8981481481481481,0.8981481481481481,3.4423076923076925,1.5568634330173177,Low,Low,0.47115384615384615,0.25961538461538464,0.2692307692307692,0.47115384615384615
I192,Crosswalk 1 ,Scene,3.962962962962963,0.6687402849454307,Neutral,Neutral,0.1111111111111111,0.8240740740740741,0.06481481481481481,0.8240740740740741,2.3173076923076925,1.5965036013321323,Low,Low,0.6826923076923077,0.22115384615384615,0.09615384615384616,0.6826923076923077
I193,Crow 1,Animal,4.705882352941177,1.0953387766015965,Positive,Positive,0.058823529411764705,0.47058823529411764,0.47058823529411764,0.47058823529411764,2.801980198019802,1.5232846219941827,Low,Low,0.5841584158415841,0.297029702970297,0.1188118811881188,0.5841584158415841
I194,Crow 2,Animal,4.407407407407407,1.1842978679135656,Neutral,Neutral,0.1574074074074074,0.46296296296296297,0.37962962962962965,0.46296296296296297,2.6634615384615383,1.4320233287346715,Low,Low,0.6153846153846154,0.3173076923076923,0.0673076923076923,0.6153846153846154
I195,Cups 1,Object,4.2772277227722775,0.6183657797968468,Neutral,Neutral,0.009900990099009901,0.7722772277227723,0.21782178217821782,0.7722772277227723,2.029126213592233,1.4515462389858458,Low,Low,0.7475728155339806,0.21359223300970873,0.038834951456310676,0.7475728155339806
I196,Cups 2,Object,4.148514851485149,0.4332698607995111,Neutral,Neutral,0.009900990099009901,0.8514851485148515,0.13861386138613863,0.8514851485148515,2.087378640776699,1.4080078829192826,Low,Low,0.7572815533980582,0.1941747572815534,0.04854368932038835,0.7572815533980582
I197,Cups 3,Object,4.7254901960784315,0.9027665152690646,Positive,Neutral,0.00980392156862745,0.5,0.49019607843137253,0.5,2.257425742574257,1.425857393616449,Low,Low,0.7425742574257426,0.1782178217821782,0.07920792079207921,0.7425742574257426
I198,Cups 4,Object,4.138888888888889,0.6183839858001507,Neutral,Neutral,0.08333333333333333,0.7407407407407407,0.17592592592592593,0.7407407407407407,2.201923076923077,1.3393217214833195,Low,Low,0.7019230769230769,0.27884615384615385,0.019230769230769232,0.7019230769230769
I199,Dancing 1,Person,5.303921568627451,0.9625586332792851,Positive,Positive,0.0,0.21568627450980393,0.7843137254901961,0.7843137254901961,3.4356435643564356,1.6150284306114144,Low,Low,0.45544554455445546,0.2376237623762376,0.3069306930693069,0.45544554455445546
I200,Dancing 2,Person,5.215686274509804,1.1046925201014812,Positive,Positive,0.029411764705882353,0.21568627450980393,0.7549019607843137,0.7549019607843137,3.485148514851485,1.5786947861200948,Low,Low,0.44554455445544555,0.25742574257425743,0.297029702970297,0.44554455445544555
I201,Dancing 3,Person,4.882352941176471,1.2129182356929142,Positive,Positive,0.11764705882352941,0.24509803921568626,0.6372549019607843,0.6372549019607843,3.8514851485148514,1.6455159592897384,Medium,High,0.37623762376237624,0.21782178217821782,0.40594059405940597,0.40594059405940597
I202,Dancing 4,Person,5.53921568627451,1.1996003346614328,Positive,Positive,0.0392156862745098,0.1568627450980392,0.803921568627451,0.803921568627451,3.6534653465346536,1.4658488569041246,Medium,Low,0.39603960396039606,0.27722772277227725,0.32673267326732675,0.39603960396039606
I203,Dancing 5,Person,5.696078431372549,1.060442796420761,Positive,Positive,0.0196078431372549,0.12745098039215685,0.8529411764705882,0.8529411764705882,3.5445544554455446,1.5001650074258333,Medium,Low,0.42574257425742573,0.24752475247524752,0.32673267326732675,0.42574257425742573
I204,Dancing 6,Person,5.805555555555555,0.9418448126365312,Positive,Positive,0.0,0.07407407407407407,0.9259259259259259,0.9259259259259259,3.6923076923076925,1.5646391257177041,Medium,Low,0.3942307692307692,0.2692307692307692,0.33653846153846156,0.3942307692307692
I205,Dancing 7,Person,5.87037037037037,1.094528384697388,Positive,Positive,0.009259259259259259,0.09259259259259259,0.8981481481481481,0.8981481481481481,3.375,1.4627245491876169,Low,Low,0.47115384615384615,0.2692307692307692,0.25961538461538464,0.47115384615384615
I206,Dancing 8,Person,5.313725490196078,0.8897701578493529,Positive,Positive,0.0,0.19607843137254902,0.803921568627451,0.803921568627451,3.405940594059406,1.422520423908087,Low,Low,0.504950495049505,0.2871287128712871,0.2079207920792079,0.504950495049505
I207,Dancing 9,Person,5.584158415841584,0.9722893266170649,Positive,Positive,0.009900990099009901,0.10891089108910891,0.8811881188118812,0.8811881188118812,3.8349514563106797,1.5786385756475,Medium,High,0.33980582524271846,0.23300970873786409,0.42718446601941745,0.42718446601941745
I208,Dead bodies 1,Person,1.198019801980198,0.7351163442639269,Negative,Negative,0.9702970297029703,0.009900990099009901,0.019801980198019802,0.9702970297029703,4.514563106796117,2.4847143587358085,High,High,0.34951456310679613,0.06796116504854369,0.5825242718446602,0.5825242718446602
I209,Dead bodies 2,Person,1.2475247524752475,0.6986550020440618,Negative,Negative,0.9801980198019802,0.009900990099009901,0.009900990099009901,0.9801980198019802,4.475728155339806,2.3715828262674203,Medium,High,0.34951456310679613,0.07766990291262135,0.5728155339805825,0.5728155339805825
I210,Dead bodies 3,Person,1.3235294117647058,0.8103509166017364,Negative,Negative,0.9509803921568627,0.0392156862745098,0.00980392156862745,0.9509803921568627,5.128712871287129,2.1571433254961696,High,High,0.21782178217821782,0.07920792079207921,0.7029702970297029,0.7029702970297029
I211,Depressed face 1,Person,3.764705882352941,0.8807790272347205,Neutral,Neutral,0.3627450980392157,0.49019607843137253,0.14705882352941177,0.49019607843137253,3.0693069306930694,1.5116707693315647,Low,Low,0.5445544554455446,0.27722772277227725,0.1782178217821782,0.5445544554455446
I212,Depressed face 2,Person,3.824074074074074,1.0396683844389703,Neutral,Neutral,0.3055555555555556,0.5185185185185185,0.17592592592592593,0.5185185185185185,3.019230769230769,1.5135682088784628,Low,Low,0.5576923076923077,0.2980769230769231,0.14423076923076922,0.5576923076923077
I213,Depressed pose 1,Person,2.6944444444444446,0.8255084339089629,Negative,Negative,0.8611111111111112,0.12962962962962962,0.009259259259259259,0.8611111111111112,3.451923076923077,1.6656425780787687,Low,Low,0.4807692307692308,0.23076923076923078,0.28846153846153844,0.4807692307692308
I214,Depressed pose 2,Person,3.485148514851485,0.9339578297347114,Negative,Negative,0.5445544554455446,0.3564356435643564,0.09900990099009901,0.5445544554455446,3.2427184466019416,1.6237575607303376,Low,Low,0.5145631067961165,0.22330097087378642,0.2621359223300971,0.5145631067961165
I215,Depressed pose 3,Person,2.656862745098039,0.9595285356244172,Negative,Negative,0.8823529411764706,0.0784313725490196,0.0392156862745098,0.8823529411764706,4.00990099009901,1.5652159563775887,Medium,High,0.3465346534653465,0.1782178217821782,0.4752475247524752,0.4752475247524752
I216,Depressed pose 4,Person,3.2549019607843137,0.8287683156263976,Negative,Negative,0.6372549019607843,0.29411764705882354,0.06862745098039216,0.6372549019607843,3.287128712871287,1.4583321546435595,Low,Low,0.5346534653465347,0.21782178217821782,0.24752475247524752,0.5346534653465347
I217,Desert 1,Scene,4.0,1.3942471924464686,Neutral,Positive,0.3333333333333333,0.32407407407407407,0.3425925925925926,0.3425925925925926,3.269230769230769,1.791190791368384,Low,Low,0.49038461538461536,0.21153846153846154,0.2980769230769231,0.49038461538461536
I218,Dessert 1,Object,5.333333333333333,1.1198774096039503,Positive,Positive,0.029411764705882353,0.1568627450980392,0.8137254901960784,0.8137254901960784,3.405940594059406,1.644251913921843,Low,Low,0.45544554455445546,0.297029702970297,0.24752475247524752,0.45544554455445546
I219,Dessert 2,Object,5.735294117647059,1.1073692899487015,Positive,Positive,0.0196078431372549,0.11764705882352941,0.8627450980392157,0.8627450980392157,3.2475247524752477,1.7573044163949478,Low,Low,0.48514851485148514,0.21782178217821782,0.297029702970297,0.48514851485148514
I220,Dessert 3,Object,5.633663366336633,1.0744558834798916,Positive,Positive,0.009900990099009901,0.1188118811881188,0.8712871287128713,0.8712871287128713,4.203883495145631,1.8222977485396734,Medium,High,0.32038834951456313,0.1553398058252427,0.5242718446601942,0.5242718446601942
I221,Dessert 4,Object,5.388888888888889,1.039710000305471,Positive,Positive,0.027777777777777776,0.14814814814814814,0.8240740740740741,0.8240740740740741,3.1153846153846154,1.6209052505366641,Low,Low,0.5288461538461539,0.21153846153846154,0.25961538461538464,0.5288461538461539
I222,Dessert 5,Object,5.534653465346534,0.9007147876619276,Positive,Positive,0.009900990099009901,0.09900990099009901,0.8910891089108911,0.8910891089108911,3.8640776699029127,1.6747756284568238,Medium,High,0.36893203883495146,0.21359223300970873,0.4174757281553398,0.4174757281553398
I223,Dessert 6,Object,5.588235294117647,1.0932098362477007,Positive,Positive,0.00980392156862745,0.11764705882352941,0.8725490196078431,0.8725490196078431,3.8514851485148514,1.7854194947622892,Medium,High,0.3465346534653465,0.2079207920792079,0.44554455445544555,0.44554455445544555
I224,Dessert 7,Object,5.453703703703703,1.1222828808544891,Positive,Positive,0.027777777777777776,0.16666666666666666,0.8055555555555556,0.8055555555555556,3.1346153846153846,1.7848210718169462,Low,Low,0.5288461538461539,0.18269230769230768,0.28846153846153844,0.5288461538461539
I225,Dessert 8,Person,5.768518518518518,0.9131078846443359,Positive,Positive,0.0,0.07407407407407407,0.9259259259259259,0.9259259259259259,3.3653846153846154,1.701271325356265,Low,Low,0.4326923076923077,0.28846153846153844,0.27884615384615385,0.4326923076923077
I226,Destruction 1,Scene,3.176470588235294,1.5312698716811686,Negative,Negative,0.5980392156862745,0.18627450980392157,0.21568627450980393,0.5980392156862745,4.316831683168317,1.7716133498554754,Medium,High,0.3069306930693069,0.18811881188118812,0.504950495049505,0.504950495049505
I227,Destruction 4,Scene,1.8425925925925926,0.9389001025462932,Negative,Negative,0.9444444444444444,0.05555555555555555,0.0,0.9444444444444444,3.9326923076923075,2.063385958356831,Medium,High,0.4230769230769231,0.125,0.4519230769230769,0.4519230769230769
I228,Destruction 5,Scene,2.1485148514851486,1.0806122210475075,Negative,Negative,0.9108910891089109,0.039603960396039604,0.04950495049504951,0.9108910891089109,3.8058252427184467,1.8997329658953386,Medium,Low,0.46601941747572817,0.13592233009708737,0.39805825242718446,0.46601941747572817
I229,Destruction 6,Scene,2.00990099009901,1.1873925172827264,Negative,Negative,0.8910891089108911,0.06930693069306931,0.039603960396039604,0.8910891089108911,4.097087378640777,2.1306105316054738,Medium,High,0.3786407766990291,0.10679611650485436,0.5145631067961165,0.5145631067961165
I230,Destruction 7,Scene,2.00990099009901,0.9538873047163432,Negative,Negative,0.9306930693069307,0.0594059405940594,0.009900990099009901,0.9306930693069307,3.854368932038835,2.1023225578070877,Medium,Medium,0.44660194174757284,0.10679611650485436,0.44660194174757284,0.10679611650485436
I231,Destruction 8,Scene,2.235294117647059,1.1360559757182107,Negative,Negative,0.8529411764705882,0.10784313725490197,0.0392156862745098,0.8529411764705882,4.227722772277228,1.7656794053214298,Medium,High,0.31683168316831684,0.1188118811881188,0.5643564356435643,0.5643564356435643
I232,Destruction 9,Scene,3.5555555555555554,0.8789685260473957,Neutral,Neutral,0.3425925925925926,0.6203703703703703,0.037037037037037035,0.6203703703703703,2.4854368932038833,1.6678275035994585,Low,Low,0.6699029126213593,0.1941747572815534,0.13592233009708737,0.6699029126213593
I233,Destruction 10,Scene,2.099009900990099,1.0440780669571552,Negative,Negative,0.900990099009901,0.0594059405940594,0.039603960396039604,0.900990099009901,3.592233009708738,1.9675648989166015,Medium,Low,0.44660194174757284,0.20388349514563106,0.34951456310679613,0.44660194174757284
I234,Dirt 1,Scene,1.607843137254902,0.8224193089324396,Negative,Negative,0.9705882352941176,0.0196078431372549,0.00980392156862745,0.9705882352941176,4.98019801980198,1.9797989696926404,High,High,0.22772277227722773,0.06930693069306931,0.7029702970297029,0.7029702970297029
I235,Destruction 2,Scene,2.1862745098039214,1.0218444995810343,Negative,Negative,0.9019607843137255,0.0784313725490196,0.0196078431372549,0.9019607843137255,3.0594059405940595,1.7766360470181721,Low,Low,0.5742574257425742,0.1188118811881188,0.3069306930693069,0.5742574257425742
I236,Destruction 3,Scene,1.8981481481481481,0.9165132506378015,Negative,Negative,0.9351851851851852,0.05555555555555555,0.009259259259259259,0.9351851851851852,3.5961538461538463,2.0551579948676837,Medium,Low,0.46153846153846156,0.1346153846153846,0.40384615384615385,0.46153846153846156
I237,Dirt 2,Scene,5.598039215686274,1.0740854172715586,Positive,Positive,0.00980392156862745,0.14705882352941177,0.8431372549019608,0.8431372549019608,3.3465346534653464,1.8570710463757516,Low,Low,0.49504950495049505,0.19801980198019803,0.3069306930693069,0.49504950495049505
I238,Dirt 3,Scene,4.138613861386139,0.5662102607741585,Neutral,Neutral,0.039603960396039604,0.8118811881188119,0.1485148514851485,0.8118811881188119,2.0388349514563107,1.371433557232604,Low,Low,0.7766990291262136,0.18446601941747573,0.038834951456310676,0.7766990291262136
I239,Dirt 4,Scene,4.0,0.8083720347307009,Neutral,Neutral,0.12745098039215685,0.7745098039215687,0.09803921568627451,0.7745098039215687,1.9108910891089108,1.2091237314765606,Low,Low,0.801980198019802,0.19801980198019803,0.0,0.801980198019802
I240,Dirt 5,Scene,3.5445544554455446,0.8309603176475701,Neutral,Neutral,0.3564356435643564,0.594059405940594,0.04950495049504951,0.594059405940594,1.9902912621359223,1.3755223295317849,Low,Low,0.7961165048543689,0.18446601941747573,0.019417475728155338,0.7961165048543689
I241,Dock 1,Scene,5.564356435643564,1.023873445149921,Positive,Positive,0.0,0.18811881188118812,0.8118811881188119,0.8118811881188119,3.6407766990291264,1.6321186095165305,Medium,Low,0.4368932038834951,0.2815533980582524,0.2815533980582524,0.4368932038834951
I242,Doctor 1,Person,4.666666666666667,1.1198774096039503,Positive,Positive,0.058823529411764705,0.4411764705882353,0.5,0.5,3.1485148514851486,1.6024115489714956,Low,Low,0.5445544554455446,0.3069306930693069,0.1485148514851485,0.5445544554455446
I243,Doctor 2,Person,4.055555555555555,1.288579115565533,Neutral,Neutral,0.2962962962962963,0.4351851851851852,0.26851851851851855,0.4351851851851852,3.6538461538461537,1.7886873788363256,Medium,Low,0.40384615384615385,0.25,0.34615384615384615,0.40384615384615385
I244,Doctor 3,Person,4.351851851851852,1.162617211977065,Neutral,Neutral,0.16666666666666666,0.5092592592592593,0.32407407407407407,0.5092592592592593,3.1826923076923075,1.670790889270231,Low,Low,0.5480769230769231,0.23076923076923078,0.22115384615384615,0.5480769230769231
I245,Doctor 4,Person,3.8118811881188117,1.197604870457103,Neutral,Negative,0.42574257425742573,0.297029702970297,0.27722772277227725,0.42574257425742573,3.883495145631068,1.8273573057876282,Medium,High,0.3592233009708738,0.21359223300970873,0.42718446601941745,0.42718446601941745
I246,Doctor 5,Person,3.6831683168316833,1.0576454327354412,Neutral,Negative,0.43564356435643564,0.36633663366336633,0.19801980198019803,0.43564356435643564,3.6407766990291264,1.7368800568838256,Medium,Low,0.46601941747572817,0.1941747572815534,0.33980582524271846,0.46601941747572817
I247,Doctor 6,Person,4.382352941176471,0.9015291481101728,Neutral,Neutral,0.058823529411764705,0.5686274509803921,0.37254901960784315,0.5686274509803921,2.5544554455445545,1.438577405110705,Low,Low,0.6633663366336634,0.25742574257425743,0.07920792079207921,0.6633663366336634
I248,Doctor 7,Person,3.343137254901961,1.1560867592166058,Negative,Negative,0.5,0.39215686274509803,0.10784313725490197,0.5,4.415841584158416,1.76786496505063,Medium,High,0.2376237623762376,0.2376237623762376,0.5247524752475248,0.5247524752475248
I249,Doctor 8,Person,3.732673267326733,1.130407794637943,Neutral,Negative,0.4158415841584158,0.3564356435643564,0.22772277227722773,0.4158415841584158,3.9223300970873787,1.8770508804011405,Medium,High,0.3786407766990291,0.1941747572815534,0.42718446601941745,0.42718446601941745
I250,Doctor 9,Person,3.676470588235294,1.195385224837603,Neutral,Negative,0.43137254901960786,0.35294117647058826,0.21568627450980393,0.43137254901960786,4.108910891089109,1.4960012707147672,Medium,High,0.26732673267326734,0.26732673267326734,0.46534653465346537,0.46534653465346537
I251,Dog 1,Animal,5.138613861386139,1.1918867645065703,Positive,Positive,0.06930693069306931,0.22772277227722773,0.7029702970297029,0.7029702970297029,4.320388349514563,1.5668977232598984,Medium,High,0.22330097087378642,0.23300970873786409,0.5436893203883495,0.5436893203883495
I252,Dog 2,Animal,5.900990099009901,1.034455900413831,Positive,Positive,0.009900990099009901,0.0891089108910891,0.900990099009901,0.900990099009901,4.398058252427185,1.6350319648206122,Medium,High,0.24271844660194175,0.17475728155339806,0.5825242718446602,0.5825242718446602
I253,Dog 3,Animal,5.745098039215686,1.0116771146727364,Positive,Positive,0.00980392156862745,0.10784313725490197,0.8823529411764706,0.8823529411764706,3.5247524752475248,1.6284597594410528,Medium,Low,0.42574257425742573,0.2376237623762376,0.33663366336633666,0.42574257425742573
I254,Dog 4,Animal,6.203703703703703,0.9546664462195978,Positive,Positive,0.0,0.05555555555555555,0.9444444444444444,0.9444444444444444,3.9611650485436893,1.8572715075841943,Medium,High,0.36893203883495146,0.1650485436893204,0.46601941747572817,0.46601941747572817
I255,Dog 5,Animal,5.9405940594059405,1.0753769774197122,Positive,Positive,0.019801980198019802,0.07920792079207921,0.900990099009901,0.900990099009901,4.669902912621359,1.8385221554204414,High,High,0.22330097087378642,0.1553398058252427,0.6213592233009708,0.6213592233009708
I256,Dog 6,Animal,6.490196078431373,0.7802652257782136,Positive,Positive,0.0,0.0196078431372549,0.9803921568627451,0.9803921568627451,5.02970297029703,1.7231102433945105,High,High,0.1782178217821782,0.0891089108910891,0.7326732673267327,0.7326732673267327
I257,Dog 7,Animal,5.6568627450980395,1.0854127110236897,Positive,Positive,0.0,0.18627450980392157,0.8137254901960784,0.8137254901960784,3.9702970297029703,1.796972150839041,Medium,High,0.33663366336633666,0.22772277227722773,0.43564356435643564,0.43564356435643564
I258,Dog 8,Animal,5.431372549019608,1.3387581353558817,Positive,Positive,0.0784313725490196,0.13725490196078433,0.7843137254901961,0.7843137254901961,4.3861386138613865,1.6791086744442898,Medium,High,0.22772277227722773,0.19801980198019803,0.5742574257425742,0.5742574257425742
I259,Dog 9,Animal,4.127450980392157,1.1996003346614328,Neutral,Positive,0.3137254901960784,0.30392156862745096,0.38235294117647056,0.38235294117647056,4.0594059405940595,1.7425371283173154,Medium,High,0.3465346534653465,0.22772277227722773,0.42574257425742573,0.42574257425742573
I260,Dog 10,Animal,5.647058823529412,0.9402660127449862,Positive,Positive,0.0196078431372549,0.06862745098039216,0.9117647058823529,0.9117647058823529,3.881188118811881,1.6630521862699998,Medium,High,0.3069306930693069,0.2871287128712871,0.40594059405940597,0.40594059405940597
I261,Dog 11,Animal,5.657407407407407,1.0604357862534852,Positive,Positive,0.018518518518518517,0.14814814814814814,0.8333333333333334,0.8333333333333334,3.6346153846153846,1.6372940754396426,Medium,Low,0.40384615384615385,0.27884615384615385,0.3173076923076923,0.40384615384615385
I262,Dog 12,Animal,6.287128712871287,0.7789304675433659,Positive,Positive,0.0,0.019801980198019802,0.9801980198019802,0.9801980198019802,4.407766990291262,1.623581692986724,Medium,High,0.23300970873786409,0.1941747572815534,0.5728155339805825,0.5728155339805825
I263,Dog 13,Animal,5.852941176470588,1.1379768292158963,Positive,Positive,0.0392156862745098,0.09803921568627451,0.8627450980392157,0.8627450980392157,4.0594059405940595,1.736788888599981,Medium,High,0.3465346534653465,0.18811881188118812,0.46534653465346537,0.46534653465346537
I264,Dog 14,Animal,5.891089108910891,0.9889488368870242,Positive,Positive,0.0,0.09900990099009901,0.900990099009901,0.900990099009901,4.194174757281553,1.615235382756798,Medium,High,0.2815533980582524,0.18446601941747573,0.5339805825242718,0.5339805825242718
I265,Dog 15,Animal,3.4313725490196076,1.7435016769297371,Negative,Negative,0.5294117647058824,0.21568627450980393,0.2549019607843137,0.5294117647058824,3.9306930693069306,1.812497866164671,Medium,High,0.37623762376237624,0.2079207920792079,0.4158415841584158,0.4158415841584158
I266,Dog 16,Animal,5.392156862745098,1.449867612564105,Positive,Positive,0.16666666666666666,0.049019607843137254,0.7843137254901961,0.7843137254901961,4.811881188118812,1.6835252970307795,High,High,0.19801980198019803,0.1782178217821782,0.6237623762376238,0.6237623762376238
I267,Dog 17,Animal,5.227722772277228,1.2319187320502265,Positive,Positive,0.06930693069306931,0.22772277227722773,0.7029702970297029,0.7029702970297029,3.8446601941747574,1.6073195416251733,Medium,Low,0.36893203883495146,0.2815533980582524,0.34951456310679613,0.36893203883495146
I268,Dog 18,Animal,6.196078431372549,0.8447767961845144,Positive,Positive,0.0,0.029411764705882353,0.9705882352941176,0.9705882352941176,4.881188118811881,1.511867247564225,High,High,0.16831683168316833,0.13861386138613863,0.693069306930693,0.693069306930693
I269,Dog 19,Animal,5.9405940594059405,0.9676960491623166,Positive,Positive,0.0,0.06930693069306931,0.9306930693069307,0.9306930693069307,4.349514563106796,1.643219805950558,Medium,High,0.24271844660194175,0.17475728155339806,0.5825242718446602,0.5825242718446602
I270,Dog 20,Animal,5.900990099009901,0.9434505868888895,Positive,Positive,0.0,0.0891089108910891,0.9108910891089109,0.9108910891089109,4.194174757281553,1.633342851676054,Medium,High,0.2912621359223301,0.20388349514563106,0.5048543689320388,0.5048543689320388
I271,Dog 21,Animal,5.990196078431373,0.9697922410885531,Positive,Positive,0.00980392156862745,0.0784313725490196,0.9117647058823529,0.9117647058823529,4.0495049504950495,1.6755669943261737,Medium,High,0.3465346534653465,0.16831683168316833,0.48514851485148514,0.48514851485148514
I272,Dog 22,Animal,5.098039215686274,1.278224355658035,Positive,Positive,0.11764705882352941,0.17647058823529413,0.7058823529411765,0.7058823529411765,3.881188118811881,1.5829537498794541,Medium,High,0.36633663366336633,0.19801980198019803,0.43564356435643564,0.43564356435643564
I273,Dog 23,Animal,2.676470588235294,1.4083328020409813,Negative,Negative,0.8235294117647058,0.058823529411764705,0.11764705882352941,0.8235294117647058,4.821782178217822,1.8297324372921873,High,High,0.2079207920792079,0.1188118811881188,0.6732673267326733,0.6732673267326733
I274,Dog 24,Animal,1.892156862745098,1.0800335779992682,Negative,Negative,0.9313725490196079,0.049019607843137254,0.0196078431372549,0.9313725490196079,4.772277227722772,2.1581528588995353,High,High,0.297029702970297,0.06930693069306931,0.6336633663366337,0.6336633663366337
I275,Dog 25,Animal,3.4537037037037037,1.5308922281440198,Negative,Negative,0.5833333333333334,0.12962962962962962,0.28703703703703703,0.5833333333333334,4.0576923076923075,1.7944191968213101,Medium,High,0.34615384615384615,0.22115384615384615,0.4326923076923077,0.4326923076923077
I276,Dog 26,Animal,1.2962962962962963,0.6871213044935793,Negative,Negative,0.9722222222222222,0.027777777777777776,0.0,0.9722222222222222,4.855769230769231,2.304146828312532,High,High,0.28846153846153844,0.038461538461538464,0.6730769230769231,0.6730769230769231
I277,Dog 27,Animal,5.326732673267327,1.3123178798682056,Positive,Positive,0.09900990099009901,0.16831683168316833,0.7326732673267327,0.7326732673267327,4.223300970873787,1.6144691280390604,Medium,High,0.30097087378640774,0.18446601941747573,0.5145631067961165,0.5145631067961165
I278,Dog 28,Animal,5.592592592592593,1.1842978679135656,Positive,Positive,0.046296296296296294,0.1111111111111111,0.8425925925925926,0.8425925925925926,3.5576923076923075,1.7890004969794395,Medium,Low,0.4519230769230769,0.19230769230769232,0.3557692307692308,0.4519230769230769
I279,Dog 29,Animal,5.362745098039215,1.0320528009199064,Positive,Positive,0.029411764705882353,0.12745098039215685,0.8431372549019608,0.8431372549019608,4.0,1.7088007490635062,Medium,High,0.297029702970297,0.2871287128712871,0.4158415841584158,0.4158415841584158
I280,Dog 30,Animal,4.583333333333333,1.5892453978474939,Positive,Positive,0.32407407407407407,0.12962962962962962,0.5462962962962963,0.5462962962962963,3.5673076923076925,1.777772267334419,Medium,Low,0.4519230769230769,0.21153846153846154,0.33653846153846156,0.4519230769230769
I281,Dog 31,Animal,2.0833333333333335,1.1033085332880228,Negative,Negative,0.9074074074074074,0.05555555555555555,0.037037037037037035,0.9074074074074074,4.201923076923077,1.9725288470077742,Medium,High,0.3557692307692308,0.11538461538461539,0.5288461538461539,0.5288461538461539
I282,Dog attack 1,Animal,2.8518518518518516,1.4456820323275341,Negative,Negative,0.7592592592592593,0.08333333333333333,0.1574074074074074,0.7592592592592593,4.586538461538462,1.825443565848745,High,High,0.2403846153846154,0.11538461538461539,0.6442307692307693,0.6442307692307693
I283,Dog attack 2,Animal,3.4257425742574257,1.2437566856380338,Negative,Negative,0.594059405940594,0.19801980198019803,0.2079207920792079,0.594059405940594,4.475728155339806,1.6260421104583418,Medium,High,0.24271844660194175,0.18446601941747573,0.5728155339805825,0.5728155339805825
I284,Dog attack 3,Animal,2.6470588235294117,1.2792870757762338,Negative,Negative,0.7941176470588235,0.13725490196078433,0.06862745098039216,0.7941176470588235,5.089108910891089,1.562683652573291,High,High,0.12871287128712872,0.12871287128712872,0.7425742574257426,0.7425742574257426
I285,Drink 1,Object,4.5588235294117645,1.0299815379655095,Positive,Positive,0.0784313725490196,0.4411764705882353,0.4803921568627451,0.4803921568627451,2.712871287128713,1.6145379132331723,Low,Low,0.6336633663366337,0.2079207920792079,0.15841584158415842,0.6336633663366337
I286,Drink 2,Object,4.362745098039215,1.2411206664297791,Neutral,Positive,0.12745098039215685,0.43137254901960786,0.4411764705882353,0.4411764705882353,2.871287128712871,1.5340362859895698,Low,Low,0.6138613861386139,0.2376237623762376,0.1485148514851485,0.6138613861386139
I287,Dummy 1,Object,1.1574074074074074,0.5496309218239012,Negative,Negative,0.9814814814814815,0.018518518518518517,0.0,0.9814814814814815,5.201923076923077,2.3786257258215207,High,High,0.2403846153846154,0.057692307692307696,0.7019230769230769,0.7019230769230769
I288,Eating 1,Person,5.683168316831683,0.9688208613495781,Positive,Positive,0.0,0.10891089108910891,0.8910891089108911,0.8910891089108911,3.4757281553398056,1.6139384308917453,Low,Low,0.4174757281553398,0.2912621359223301,0.2912621359223301,0.4174757281553398
I289,Eating 2,Person,5.333333333333333,1.0179899952175544,Positive,Positive,0.0,0.2549019607843137,0.7450980392156863,0.7450980392156863,3.237623762376238,1.7444111605437815,Low,Low,0.49504950495049505,0.27722772277227725,0.22772277227722773,0.49504950495049505
I290,Eating 3,Person,5.148148148148148,1.0484952708463653,Positive,Positive,0.009259259259259259,0.32407407407407407,0.6666666666666666,0.6666666666666666,2.625,1.4627245491876169,Low,Low,0.6634615384615384,0.2692307692307692,0.0673076923076923,0.6634615384615384
I291,Elephant 1,Animal,5.862745098039215,0.9753315322227668,Positive,Positive,0.0,0.0784313725490196,0.9215686274509803,0.9215686274509803,4.3861386138613865,1.561859769823802,Medium,High,0.21782178217821782,0.22772277227722773,0.5544554455445545,0.5544554455445545
I292,Excited face 1,Person,5.574257425742574,1.0425596832168922,Positive,Positive,0.009900990099009901,0.1188118811881188,0.8712871287128713,0.8712871287128713,3.8349514563106797,1.6983099290964139,Medium,High,0.34951456310679613,0.20388349514563106,0.44660194174757284,0.44660194174757284
I293,Excited face 2,Person,5.823529411764706,1.0380080381409362,Positive,Positive,0.00980392156862745,0.08823529411764706,0.9019607843137255,0.9019607843137255,4.069306930693069,1.698572493257643,Medium,High,0.32673267326732675,0.22772277227722773,0.44554455445544555,0.44554455445544555
I294,Excited face 3,Person,5.7592592592592595,0.9654824988164942,Positive,Positive,0.0,0.1111111111111111,0.8888888888888888,0.8888888888888888,3.4711538461538463,1.7120743721325948,Low,Low,0.4519230769230769,0.2403846153846154,0.3076923076923077,0.4519230769230769
I295,Excited face 4,Person,4.247524752475248,0.9317289369130852,Neutral,Neutral,0.1485148514851485,0.5346534653465347,0.31683168316831684,0.5346534653465347,3.087378640776699,1.5662293681504502,Low,Low,0.5242718446601942,0.2621359223300971,0.21359223300970873,0.5242718446601942
I296,Excited face 5,Person,5.653465346534653,1.0624089943553419,Positive,Positive,0.019801980198019802,0.10891089108910891,0.8712871287128713,0.8712871287128713,3.70873786407767,1.7524832127593224,Medium,High,0.3883495145631068,0.18446601941747573,0.42718446601941745,0.42718446601941745
I297,Excited face 6,Person,5.731481481481482,1.0286229019520297,Positive,Positive,0.0,0.12037037037037036,0.8796296296296297,0.8796296296296297,3.480769230769231,1.618945894805073,Low,Low,0.4519230769230769,0.2403846153846154,0.3076923076923077,0.4519230769230769
I298,Excited face 7,Person,4.752475247524752,1.3740883566500328,Positive,Positive,0.21782178217821782,0.12871287128712872,0.6534653465346535,0.6534653465346535,3.4854368932038833,1.6736954397082098,Low,Low,0.39805825242718446,0.30097087378640774,0.30097087378640774,0.39805825242718446
I299,Exercise 1,Person,4.705882352941177,1.165411033546208,Positive,Positive,0.08823529411764706,0.3333333333333333,0.5784313725490197,0.5784313725490197,3.633663366336634,1.5857034544783444,Medium,Low,0.40594059405940597,0.25742574257425743,0.33663366336633666,0.40594059405940597
I300,Exercise 2,Person,4.685185185185185,1.0734532288576086,Positive,Positive,0.09259259259259259,0.37037037037037035,0.5370370370370371,0.5370370370370371,3.9038461538461537,1.6340980159146303,Medium,High,0.3269230769230769,0.2403846153846154,0.4326923076923077,0.4326923076923077
I301,Exercise 3,Person,4.833333333333333,1.1864193015438964,Positive,Positive,0.12745098039215685,0.2549019607843137,0.6176470588235294,0.6176470588235294,4.297029702970297,1.578255710938158,Medium,High,0.2376237623762376,0.1485148514851485,0.6138613861386139,0.6138613861386139
I302,Explosion 1,Scene,2.6470588235294117,1.5710692507222395,Negative,Negative,0.7745098039215687,0.058823529411764705,0.16666666666666666,0.7745098039215687,5.148514851485149,1.687519710189255,High,High,0.1782178217821782,0.0891089108910891,0.7326732673267327,0.7326732673267327
I303,Explosion 2,Scene,2.376237623762376,1.5801992605270694,Negative,Negative,0.8217821782178217,0.039603960396039604,0.13861386138613863,0.8217821782178217,4.990291262135922,1.9275868568770782,High,High,0.1941747572815534,0.11650485436893204,0.6893203883495146,0.6893203883495146
I304,Explosion 3,Scene,2.6481481481481484,1.6020711758886872,Negative,Negative,0.7222222222222222,0.12962962962962962,0.14814814814814814,0.7222222222222222,4.923076923076923,1.8988617320701733,High,High,0.20192307692307693,0.08653846153846154,0.7115384615384616,0.7115384615384616
I305,Explosion 4,Scene,2.5,1.3360564093525253,Negative,Negative,0.7222222222222222,0.2037037037037037,0.07407407407407407,0.7222222222222222,4.3076923076923075,2.034063908060948,Medium,High,0.33653846153846156,0.1346153846153846,0.5288461538461539,0.5288461538461539
I306,Explosion 5,Scene,1.8235294117647058,1.3005083903550214,Negative,Negative,0.8725490196078431,0.06862745098039216,0.058823529411764705,0.8725490196078431,5.455445544554456,1.797357796740802,High,High,0.13861386138613863,0.09900990099009901,0.7623762376237624,0.7623762376237624
I307,Explosion 6,Scene,2.257425742574257,1.246222013499478,Negative,Negative,0.8415841584158416,0.0891089108910891,0.06930693069306931,0.8415841584158416,4.815533980582524,1.9032870061437315,High,High,0.2524271844660194,0.07766990291262135,0.6699029126213593,0.6699029126213593
I308,Father 1,Person,6.02970297029703,1.081253398094586,Positive,Positive,0.0297029702970297,0.06930693069306931,0.900990099009901,0.900990099009901,4.398058252427185,1.8329222667066578,Medium,High,0.27184466019417475,0.1553398058252427,0.5728155339805825,0.5728155339805825
I309,Feces 1,Object,2.1372549019607843,1.0344483935586777,Negative,Negative,0.8921568627450981,0.09803921568627451,0.00980392156862745,0.8921568627450981,3.0693069306930694,1.9455458141229893,Low,Low,0.5742574257425742,0.1485148514851485,0.27722772277227725,0.5742574257425742
I310,Feces 2,Object,2.0098039215686274,1.0292273179738658,Negative,Negative,0.9019607843137255,0.0784313725490196,0.0196078431372549,0.9019607843137255,3.5247524752475248,2.0571536617663764,Medium,High,0.44554455445544555,0.0891089108910891,0.46534653465346537,0.46534653465346537
I311,Fence 1,Object,3.732673267326733,0.7731893572587621,Neutral,Neutral,0.2376237623762376,0.7029702970297029,0.0594059405940594,0.7029702970297029,2.1553398058252426,1.4736727598106047,Low,Low,0.7475728155339806,0.18446601941747573,0.06796116504854369,0.7475728155339806
I312,Fence 2,Object,4.217821782178218,0.5586404997140756,Neutral,Neutral,0.0297029702970297,0.7524752475247525,0.21782178217821782,0.7524752475247525,2.3009708737864076,1.4940073198255643,Low,Low,0.7281553398058253,0.1941747572815534,0.07766990291262135,0.7281553398058253
I313,Fence 3,Object,3.8529411764705883,0.7884947286441376,Neutral,Neutral,0.24509803921568626,0.6666666666666666,0.08823529411764706,0.6666666666666666,2.495049504950495,1.3901349745707259,Low,Low,0.6831683168316832,0.24752475247524752,0.06930693069306931,0.6831683168316832
I314,Fence 4,Object,2.8823529411764706,1.1017009139971496,Negative,Negative,0.7352941176470589,0.22549019607843138,0.0392156862745098,0.7352941176470589,3.1584158415841586,1.5539155270948721,Low,Low,0.5742574257425742,0.22772277227722773,0.19801980198019803,0.5742574257425742
I315,Fence 5,Object,3.7745098039215685,1.0427198131875228,Neutral,Neutral,0.28431372549019607,0.5882352941176471,0.12745098039215685,0.5882352941176471,2.0693069306930694,1.4300868906648592,Low,Low,0.7425742574257426,0.18811881188118812,0.06930693069306931,0.7425742574257426
I316,Fence 6,Object,4.313725490196078,1.0242639681124783,Neutral,Neutral,0.16666666666666666,0.45098039215686275,0.38235294117647056,0.45098039215686275,2.504950495049505,1.353689494501879,Low,Low,0.6732673267326733,0.26732673267326734,0.0594059405940594,0.6732673267326733
I317,Ferret 1,Animal,2.803921568627451,1.1943697595386804,Negative,Negative,0.7647058823529411,0.16666666666666666,0.06862745098039216,0.7647058823529411,4.485148514851486,1.9058534119188635,Medium,High,0.2376237623762376,0.10891089108910891,0.6534653465346535,0.6534653465346535
I318,Fire 1,Person,4.407407407407407,1.2154537404133505,Neutral,Positive,0.14814814814814814,0.39814814814814814,0.4537037037037037,0.4537037037037037,4.355769230769231,1.7004754859354378,Medium,High,0.2403846153846154,0.14423076923076922,0.6153846153846154,0.6153846153846154
I319,Fire 2,Scene,1.962962962962963,1.2524810959897557,Negative,Negative,0.8888888888888888,0.046296296296296294,0.06481481481481481,0.8888888888888888,4.6826923076923075,1.9817831682011775,High,High,0.25,0.08653846153846154,0.6634615384615384,0.6634615384615384
I320,Fire 3,Scene,2.0555555555555554,1.1176856372883313,Negative,Negative,0.8981481481481481,0.08333333333333333,0.018518518518518517,0.8981481481481481,4.519230769230769,2.0240340821354774,High,High,0.27884615384615385,0.09615384615384616,0.625,0.625
I321,Fire 4,Scene,4.323529411764706,1.3509202195986418,Neutral,Positive,0.22549019607843138,0.3137254901960784,0.46078431372549017,0.46078431372549017,4.207920792079208,1.7396369258162365,Medium,High,0.27722772277227725,0.12871287128712872,0.594059405940594,0.594059405940594
I322,Fire 5,Scene,1.7352941176470589,0.9842972120996958,Negative,Negative,0.9411764705882353,0.029411764705882353,0.029411764705882353,0.9411764705882353,5.287128712871287,1.8184423755696322,High,High,0.1782178217821782,0.06930693069306931,0.7524752475247525,0.7524752475247525
I323,Fire 6,Scene,2.227722772277228,1.2718583892777677,Negative,Negative,0.8613861386138614,0.06930693069306931,0.06930693069306931,0.8613861386138614,4.524271844660194,1.99432852818114,High,High,0.24271844660194175,0.1553398058252427,0.6019417475728155,0.6019417475728155
I324,Fire 7,Scene,1.7425742574257426,0.9017035582333548,Negative,Negative,0.9603960396039604,0.0297029702970297,0.009900990099009901,0.9603960396039604,4.601941747572815,2.0879664833969613,High,High,0.2621359223300971,0.10679611650485436,0.6310679611650486,0.6310679611650486
I325,Fire 8,Scene,4.198019801980198,1.6971729551238908,Neutral,Positive,0.3069306930693069,0.1485148514851485,0.5445544554455446,0.5445544554455446,4.689320388349515,1.8892322655533096,High,High,0.23300970873786409,0.1262135922330097,0.6407766990291263,0.6407766990291263
I326,Fire 9,Scene,1.4705882352941178,0.7406965193124695,Negative,Negative,0.9705882352941176,0.029411764705882353,0.0,0.9705882352941176,5.148514851485149,1.8888416482800319,High,High,0.18811881188118812,0.07920792079207921,0.7326732673267327,0.7326732673267327
I327,Fire 10,Scene,2.4705882352941178,1.1998835121096125,Negative,Negative,0.8529411764705882,0.08823529411764706,0.058823529411764705,0.8529411764705882,4.663366336633663,1.7336506437155803,High,High,0.2376237623762376,0.06930693069306931,0.693069306930693,0.693069306930693
I328,Fire 11,Scene,1.7549019607843137,1.111918104664757,Negative,Negative,0.9313725490196079,0.029411764705882353,0.0392156862745098,0.9313725490196079,5.316831683168317,1.8970012813348698,High,High,0.16831683168316833,0.0594059405940594,0.7722772277227723,0.7722772277227723
I329,Fire hydrant 1,Object,4.196078431372549,0.7180724429969266,Neutral,Neutral,0.058823529411764705,0.7745098039215687,0.16666666666666666,0.7745098039215687,2.3267326732673266,1.327470609023711,Low,Low,0.7227722772277227,0.24752475247524752,0.0297029702970297,0.7227722772277227
I330,Fire hydrant 2,Object,4.222222222222222,0.7147750882559333,Neutral,Neutral,0.027777777777777776,0.8055555555555556,0.16666666666666666,0.8055555555555556,1.9807692307692308,1.246204094543769,Low,Low,0.7788461538461539,0.20192307692307693,0.019230769230769232,0.7788461538461539
I331,Fire hydrant 3,Object,4.245098039215686,0.6665453199599212,Neutral,Neutral,0.029411764705882353,0.7647058823529411,0.20588235294117646,0.7647058823529411,2.3465346534653464,1.395963062293243,Low,Low,0.7029702970297029,0.25742574257425743,0.039603960396039604,0.7029702970297029
I332,Fire hydrant 4,Object,4.435185185185185,0.9498956966661262,Neutral,Neutral,0.037037037037037035,0.6296296296296297,0.3333333333333333,0.6296296296296297,2.298076923076923,1.385639298616365,Low,Low,0.7019230769230769,0.25,0.04807692307692308,0.7019230769230769
I333,Fireman 1,Person,3.0980392156862746,1.4658475325032658,Negative,Negative,0.6568627450980392,0.12745098039215685,0.21568627450980393,0.6568627450980392,4.861386138613861,1.7551621176990861,High,High,0.19801980198019803,0.12871287128712872,0.6732673267326733,0.6732673267326733
I334,Fireworks 1,Scene,6.157407407407407,0.88773614246363,Positive,Positive,0.0,0.037037037037037035,0.9629629629629629,0.9629629629629629,4.423076923076923,1.7773783884623344,Medium,High,0.25961538461538464,0.1346153846153846,0.6057692307692307,0.6057692307692307
I335,Fireworks 2,Scene,6.2745098039215685,0.9027665152690646,Positive,Positive,0.00980392156862745,0.058823529411764705,0.9313725490196079,0.9313725490196079,4.98019801980198,1.7434460015716116,High,High,0.15841584158415842,0.13861386138613863,0.7029702970297029,0.7029702970297029
I336,Fireworks 3,Scene,6.088235294117647,0.9960609665271607,Positive,Positive,0.0196078431372549,0.058823529411764705,0.9215686274509803,0.9215686274509803,4.633663366336633,1.7071776256572,High,High,0.22772277227722773,0.10891089108910891,0.6633663366336634,0.6633663366336634
I337,Fireworks 4,Scene,5.953703703703703,0.9108305674509266,Positive,Positive,0.0,0.06481481481481481,0.9351851851851852,0.9351851851851852,4.3173076923076925,1.7251110732604684,Medium,High,0.28846153846153844,0.14423076923076922,0.5673076923076923,0.5673076923076923
I338,Fireworks 5,Scene,5.803921568627451,1.1261009195078064,Positive,Positive,0.00980392156862745,0.14705882352941177,0.8431372549019608,0.8431372549019608,4.207920792079208,1.6390047692619343,Medium,High,0.3069306930693069,0.15841584158415842,0.5346534653465347,0.5346534653465347
I339,Fireworks 6,Scene,6.107843137254902,0.9840999581473945,Positive,Positive,0.0196078431372549,0.0392156862745098,0.9411764705882353,0.9411764705882353,4.782178217821782,1.5975228348667796,High,High,0.15841584158415842,0.2079207920792079,0.6336633663366337,0.6336633663366337
I340,Fireworks 7,Scene,5.752475247524752,1.1437302181376463,Positive,Positive,0.039603960396039604,0.0891089108910891,0.8712871287128713,0.8712871287128713,4.446601941747573,1.5887358110306113,Medium,High,0.24271844660194175,0.1553398058252427,0.6019417475728155,0.6019417475728155
I341,Flood 1,Scene,2.3627450980392157,1.0416021140937857,Negative,Negative,0.9019607843137255,0.06862745098039216,0.029411764705882353,0.9019607843137255,4.128712871287129,1.7126784072711003,Medium,High,0.3465346534653465,0.0891089108910891,0.5643564356435643,0.5643564356435643
I342,Flood 2,Scene,2.3564356435643563,1.1007648106279704,Negative,Negative,0.8415841584158416,0.10891089108910891,0.04950495049504951,0.8415841584158416,3.854368932038835,1.7954614186030244,Medium,Low,0.44660194174757284,0.1553398058252427,0.39805825242718446,0.44660194174757284
I343,Flood 3,Scene,2.2941176470588234,1.156884132881604,Negative,Negative,0.8725490196078431,0.09803921568627451,0.029411764705882353,0.8725490196078431,4.287128712871287,1.7454892360789072,Medium,High,0.2871287128712871,0.1188118811881188,0.594059405940594,0.594059405940594
I344,Flowers 1,Object,5.762376237623762,1.0406585881208605,Positive,Positive,0.009900990099009901,0.09900990099009901,0.8910891089108911,0.8910891089108911,3.679611650485437,1.821514088113586,Medium,Low,0.44660194174757284,0.1650485436893204,0.3883495145631068,0.44660194174757284
I345,Flowers 2,Object,5.950980392156863,1.047178679944611,Positive,Positive,0.0196078431372549,0.049019607843137254,0.9313725490196079,0.9313725490196079,3.4554455445544554,1.7917854362353072,Low,Low,0.44554455445544555,0.2376237623762376,0.31683168316831684,0.44554455445544555
I346,Flowers 3,Object,5.792079207920792,1.0983335712174904,Positive,Positive,0.019801980198019802,0.10891089108910891,0.8712871287128713,0.8712871287128713,3.70873786407767,1.8451370529954056,Medium,Medium,0.4174757281553398,0.1650485436893204,0.4174757281553398,0.1650485436893204
I347,Flowers 4,Object,5.702970297029703,1.0820772103269298,Positive,Positive,0.009900990099009901,0.12871287128712872,0.8613861386138614,0.8613861386138614,3.7184466019417477,1.7735390327117317,Medium,Low,0.42718446601941745,0.18446601941747573,0.3883495145631068,0.42718446601941745
I348,Flowers 5,Object,5.633663366336633,1.1200247522017335,Positive,Positive,0.019801980198019802,0.13861386138613863,0.8415841584158416,0.8415841584158416,3.4854368932038833,1.620119081013727,Low,Low,0.4563106796116505,0.23300970873786409,0.3106796116504854,0.4563106796116505
I349,Flowers 6,Object,5.944444444444445,0.9154268023876048,Positive,Positive,0.0,0.06481481481481481,0.9351851851851852,0.9351851851851852,3.0096153846153846,1.6633992118590903,Low,Low,0.5865384615384616,0.18269230769230768,0.23076923076923078,0.5865384615384616
I350,Flowers 7,Object,5.683168316831683,1.1129303039212017,Positive,Positive,0.0297029702970297,0.1188118811881188,0.8514851485148515,0.8514851485148515,3.495145631067961,1.7027877166562575,Low,Low,0.4368932038834951,0.30097087378640774,0.2621359223300971,0.4368932038834951
I351,Flowers 8,Object,5.911764705882353,0.965780258881368,Positive,Positive,0.0,0.0784313725490196,0.9215686274509803,0.9215686274509803,3.702970297029703,1.7061333737750137,Medium,Low,0.40594059405940597,0.21782178217821782,0.37623762376237624,0.40594059405940597
I352,Flowers 9,Object,5.891089108910891,1.1393067198872295,Positive,Positive,0.0297029702970297,0.0891089108910891,0.8811881188118812,0.8811881188118812,4.077669902912621,1.7750411229058478,Medium,High,0.3300970873786408,0.1941747572815534,0.47572815533980584,0.47572815533980584
I353,Flowers 10,Object,5.2592592592592595,1.1550002659737555,Positive,Positive,0.037037037037037035,0.2777777777777778,0.6851851851851852,0.6851851851851852,3.1634615384615383,1.6137189570345747,Low,Low,0.5384615384615384,0.23076923076923078,0.23076923076923078,0.5384615384615384
I354,Food 1,Object,4.8431372549019605,1.0219869798168477,Positive,Positive,0.058823529411764705,0.3137254901960784,0.6274509803921569,0.6274509803921569,3.1485148514851486,1.5191190777148538,Low,Low,0.5445544554455446,0.25742574257425743,0.19801980198019803,0.5445544554455446
I355,Food 2,Object,5.342592592592593,1.298180157111658,Positive,Positive,0.07407407407407407,0.2222222222222222,0.7037037037037037,0.7037037037037037,2.9615384615384617,1.900041271514333,Low,Low,0.5769230769230769,0.17307692307692307,0.25,0.5769230769230769
I356,Food 3,Object,5.303921568627451,1.0320528009199066,Positive,Positive,0.00980392156862745,0.23529411764705882,0.7549019607843137,0.7549019607843137,2.8415841584158414,1.6657291092331112,Low,Low,0.594059405940594,0.24752475247524752,0.15841584158415842,0.594059405940594
I357,Food 4,Object,5.611111111111111,0.9651239166318637,Positive,Positive,0.0,0.1111111111111111,0.8888888888888888,0.8888888888888888,3.423076923076923,1.8311877820296087,Low,Low,0.47115384615384615,0.22115384615384615,0.3076923076923077,0.47115384615384615
I358,Food 5,Object,5.470588235294118,1.0408096843650823,Positive,Positive,0.00980392156862745,0.18627450980392157,0.803921568627451,0.803921568627451,3.1485148514851486,1.716893349127204,Low,Low,0.5742574257425742,0.15841584158415842,0.26732673267326734,0.5742574257425742
I359,Food 6,Object,5.6568627450980395,0.9900004804400843,Positive,Positive,0.0,0.16666666666666666,0.8333333333333334,0.8333333333333334,3.6732673267326734,1.7441841123636526,Medium,Low,0.43564356435643564,0.22772277227722773,0.33663366336633666,0.43564356435643564
I360,Football player 1,Person,4.768518518518518,1.1966189243535927,Positive,Positive,0.09259259259259259,0.37962962962962965,0.5277777777777778,0.5277777777777778,3.576923076923077,1.5930206252500292,Medium,Low,0.41346153846153844,0.25,0.33653846153846156,0.41346153846153844
I361,Frisbee 1,Person,5.588235294117647,1.1718897421903236,Positive,Positive,0.0196078431372549,0.16666666666666666,0.8137254901960784,0.8137254901960784,3.217821782178218,1.5595124904664253,Low,Low,0.49504950495049505,0.26732673267326734,0.2376237623762376,0.49504950495049505
I362,Frustrated pose 1,Person,2.3529411764705883,1.0306881179607792,Negative,Negative,0.8823529411764706,0.0784313725490196,0.0392156862745098,0.8823529411764706,4.247524752475248,1.8077939074687657,Medium,High,0.3069306930693069,0.09900990099009901,0.594059405940594,0.594059405940594
I363,Frustrated pose 2,Person,2.6372549019607843,0.8650441033371115,Negative,Negative,0.8431372549019608,0.1568627450980392,0.0,0.8431372549019608,3.485148514851485,1.6589988630866424,Low,Low,0.42574257425742573,0.2376237623762376,0.33663366336633666,0.42574257425742573
I364,Frustrated pose 3,Person,2.3518518518518516,0.8893430822994699,Negative,Negative,0.9259259259259259,0.06481481481481481,0.009259259259259259,0.9259259259259259,3.5576923076923075,1.7835653345096516,Medium,Low,0.4326923076923077,0.20192307692307693,0.36538461538461536,0.4326923076923077
I365,Frustrated pose 4,Person,3.4215686274509802,0.8836947023303978,Negative,Negative,0.5490196078431373,0.38235294117647056,0.06862745098039216,0.5490196078431373,3.277227722772277,1.4840405107758219,Low,Low,0.5148514851485149,0.25742574257425743,0.22772277227722773,0.5148514851485149
I366,Frustrated pose 5,Person,2.4607843137254903,0.9917637916184305,Negative,Negative,0.8921568627450981,0.09803921568627451,0.00980392156862745,0.8921568627450981,3.742574257425743,1.7067716036220821,Medium,High,0.38613861386138615,0.2079207920792079,0.40594059405940597,0.40594059405940597
I367,Frustrated pose 6,Person,4.683168316831683,1.0288896254633626,Positive,Positive,0.10891089108910891,0.32673267326732675,0.5643564356435643,0.5643564356435643,4.038834951456311,1.7818382780046278,Medium,High,0.30097087378640774,0.24271844660194175,0.4563106796116505,0.4563106796116505
I368,Frustrated pose 7,Person,2.696078431372549,1.0126840689428191,Negative,Negative,0.8333333333333334,0.13725490196078433,0.029411764705882353,0.8333333333333334,3.25,1.5529379129946443,Low,Low,0.5,0.27,0.23,0.5
I369,Frustrated pose 8,Person,3.740740740740741,0.9508517614977486,Neutral,Neutral,0.3425925925925926,0.5370370370370371,0.12037037037037036,0.5370370370370371,3.3653846153846154,1.7239472223337013,Low,Low,0.49038461538461536,0.19230769230769232,0.3173076923076923,0.49038461538461536
I370,Funeral 1,Scene,2.9215686274509802,1.1831010980110404,Negative,Negative,0.7156862745098039,0.18627450980392157,0.09803921568627451,0.7156862745098039,4.237623762376238,1.8928735554784695,Medium,High,0.3465346534653465,0.10891089108910891,0.5445544554455446,0.5445544554455446
I371,Galaxy 1,Scene,5.598039215686274,1.1795267042215092,Positive,Positive,0.00980392156862745,0.22549019607843138,0.7647058823529411,0.7647058823529411,4.089108910891089,1.9651921529509022,Medium,High,0.3564356435643564,0.12871287128712872,0.5148514851485149,0.5148514851485149
I372,Galaxy 2,Scene,5.772277227722772,1.0284083636261607,Positive,Positive,0.0,0.12871287128712872,0.8712871287128713,0.8712871287128713,4.436893203883495,1.918281005977627,Medium,High,0.27184466019417475,0.17475728155339806,0.5533980582524272,0.5533980582524272
I373,Galaxy 3,Scene,5.450980392156863,1.2398295234170214,Positive,Positive,0.029411764705882353,0.2647058823529412,0.7058823529411765,0.7058823529411765,4.00990099009901,1.8894181617892345,Medium,High,0.32673267326732675,0.15841584158415842,0.5148514851485149,0.5148514851485149
I374,Galaxy 4,Scene,5.431372549019608,1.238889665146699,Positive,Positive,0.0392156862745098,0.20588235294117646,0.7549019607843137,0.7549019607843137,4.455445544554456,1.90538580069889,Medium,High,0.3069306930693069,0.15841584158415842,0.5346534653465347,0.5346534653465347
I375,Galaxy 5,Scene,5.6138613861386135,0.9794926955286902,Positive,Positive,0.0,0.13861386138613863,0.8613861386138614,0.8613861386138614,4.41747572815534,1.763042556428418,Medium,High,0.24271844660194175,0.1941747572815534,0.5631067961165048,0.5631067961165048
I376,Galaxy 6,Scene,5.3431372549019605,1.2063782474929134,Positive,Positive,0.029411764705882353,0.24509803921568626,0.7254901960784313,0.7254901960784313,4.1683168316831685,1.78364406163726,Medium,High,0.3564356435643564,0.15841584158415842,0.48514851485148514,0.48514851485148514
I377,Galaxy 7,Scene,6.064814814814815,1.034662328303416,Positive,Positive,0.009259259259259259,0.08333333333333333,0.9074074074074074,0.9074074074074074,4.5,2.04322227903706,High,High,0.2692307692307692,0.11538461538461539,0.6153846153846154,0.6153846153846154
I378,Galaxy 8,Scene,5.519607843137255,1.1581001184242714,Positive,Positive,0.029411764705882353,0.20588235294117646,0.7647058823529411,0.7647058823529411,4.574257425742574,1.8673325073669411,High,High,0.26732673267326734,0.15841584158415842,0.5742574257425742,0.5742574257425742
I379,Garbage dump 1,Scene,2.196078431372549,0.9753315322227669,Negative,Negative,0.8823529411764706,0.11764705882352941,0.0,0.8823529411764706,2.8613861386138613,1.7206376897551503,Low,Low,0.6633663366336634,0.10891089108910891,0.22772277227722773,0.6633663366336634
I380,Garbage dump 2,Scene,1.6018518518518519,0.7846639237113611,Negative,Negative,0.9629629629629629,0.037037037037037035,0.0,0.9629629629629629,3.7788461538461537,1.9556079717592596,Medium,High,0.3942307692307692,0.15384615384615385,0.4519230769230769,0.4519230769230769
I381,Garbage dump 3,Scene,2.0,1.024453488692898,Negative,Negative,0.9313725490196079,0.0392156862745098,0.029411764705882353,0.9313725490196079,3.4653465346534653,1.7975781286811627,Low,Low,0.504950495049505,0.1782178217821782,0.31683168316831684,0.504950495049505
I382,Garbage dump 4,Scene,1.6388888888888888,0.8141084606302663,Negative,Negative,0.9629629629629629,0.027777777777777776,0.009259259259259259,0.9629629629629629,3.7884615384615383,1.949224774572527,Medium,High,0.41346153846153844,0.15384615384615385,0.4326923076923077,0.4326923076923077
I383,Garbage dump 5,Scene,2.1372549019607843,1.0053245935229425,Negative,Negative,0.9215686274509803,0.06862745098039216,0.00980392156862745,0.9215686274509803,3.3267326732673266,1.6976979171283042,Low,Low,0.5247524752475248,0.16831683168316833,0.3069306930693069,0.5247524752475248
I384,Garbage dump 6,Scene,1.962962962962963,0.9464732957405705,Negative,Negative,0.9166666666666666,0.08333333333333333,0.0,0.9166666666666666,3.3173076923076925,1.8760856951307512,Low,Low,0.4519230769230769,0.22115384615384615,0.3269230769230769,0.4519230769230769
I385,Garbage dump 7,Scene,2.735294117647059,1.1767253655401713,Negative,Negative,0.696078431372549,0.27450980392156865,0.029411764705882353,0.696078431372549,2.4752475247524752,1.6037085733133722,Low,Low,0.693069306930693,0.1782178217821782,0.12871287128712872,0.693069306930693
I386,Garbage dump 8,Scene,2.0588235294117645,1.1242029467936379,Negative,Negative,0.8627450980392157,0.11764705882352941,0.0196078431372549,0.8627450980392157,3.1485148514851486,1.835135627760855,Low,Low,0.5841584158415841,0.09900990099009901,0.31683168316831684,0.5841584158415841
I387,Gargoyle 1,Object,3.9019607843137254,1.368020930312704,Neutral,Negative,0.39215686274509803,0.30392156862745096,0.30392156862745096,0.39215686274509803,3.742574257425743,1.706771603622082,Medium,Low,0.44554455445544555,0.12871287128712872,0.42574257425742573,0.44554455445544555
I388,Gargoyle 2,Object,3.2685185185185186,1.2425966291727293,Negative,Negative,0.5740740740740741,0.26851851851851855,0.1574074074074074,0.5740740740740741,3.7596153846153846,1.877279545355859,Medium,High,0.375,0.19230769230769232,0.4326923076923077,0.4326923076923077
I389,Gazing 1,Person,4.862745098039215,1.0903647830539318,Positive,Positive,0.06862745098039216,0.3627450980392157,0.5686274509803921,0.5686274509803921,3.089108910891089,1.6498424767291577,Low,Low,0.5544554455445545,0.2079207920792079,0.2376237623762376,0.5544554455445545
I390,Gazing 2,Person,5.107843137254902,1.0138336491849949,Positive,Positive,0.0196078431372549,0.29411764705882354,0.6862745098039216,0.6862745098039216,3.376237623762376,1.5990715127755535,Low,Low,0.5247524752475248,0.21782178217821782,0.25742574257425743,0.5247524752475248
I391,Gazing 3,Person,5.425925925925926,1.1697407948652692,Positive,Positive,0.018518518518518517,0.25,0.7314814814814815,0.7314814814814815,3.3106796116504853,1.7036818618923617,Low,Low,0.46601941747572817,0.24271844660194175,0.2912621359223301,0.46601941747572817
I392,Gazing 4,Person,4.490196078431373,1.01225263976793,Neutral,Neutral,0.11764705882352941,0.4803921568627451,0.4019607843137255,0.4803921568627451,3.00990099009901,1.36744323103338,Low,Low,0.5643564356435643,0.3069306930693069,0.12871287128712872,0.5643564356435643
I393,Gazing 5,Person,5.444444444444445,1.026138149353016,Positive,Positive,0.018518518518518517,0.16666666666666666,0.8148148148148148,0.8148148148148148,3.3076923076923075,1.5892657098922394,Low,Low,0.5,0.2692307692307692,0.23076923076923078,0.5
I394,Gazing 6,Person,5.8431372549019605,1.0506490030020594,Positive,Positive,0.0,0.14705882352941177,0.8529411764705882,0.8529411764705882,3.485148514851485,1.6529601409963797,Low,Low,0.43564356435643564,0.24752475247524752,0.31683168316831684,0.43564356435643564
I395,Gazing 7,Person,4.980392156862745,1.071506685636454,Positive,Positive,0.049019607843137254,0.30392156862745096,0.6470588235294118,0.6470588235294118,3.5643564356435644,1.53242188436578,Medium,Low,0.44554455445544555,0.25742574257425743,0.297029702970297,0.44554455445544555
I396,Goat 1,Animal,5.333333333333333,1.222835681031486,Positive,Positive,0.046296296296296294,0.21296296296296297,0.7407407407407407,0.7407407407407407,3.3076923076923075,1.7630342505135694,Low,Low,0.4807692307692308,0.22115384615384615,0.2980769230769231,0.4807692307692308
I397,Goat 2,Animal,5.203703703703703,1.2286247859534054,Positive,Positive,0.08333333333333333,0.17592592592592593,0.7407407407407407,0.7407407407407407,3.0384615384615383,1.6947839849927486,Low,Low,0.6057692307692307,0.19230769230769232,0.20192307692307693,0.6057692307692307
I398,Gorrila 1,Animal,3.9074074074074074,1.3502304201906314,Neutral,Negative,0.4166666666666667,0.2222222222222222,0.3611111111111111,0.4166666666666667,3.5384615384615383,1.683287796050215,Medium,Low,0.4326923076923077,0.25961538461538464,0.3076923076923077,0.4326923076923077
I399,Grass 1,Scene,4.962962962962963,1.0931043500557323,Positive,Positive,0.0,0.4722222222222222,0.5277777777777778,0.5277777777777778,2.230769230769231,1.4630117176681647,Low,Low,0.7307692307692307,0.17307692307692307,0.09615384615384616,0.7307692307692307
I400,Grass 2,Scene,4.9411764705882355,1.0227465391783446,Positive,Positive,0.00980392156862745,0.39215686274509803,0.5980392156862745,0.5980392156862745,2.4257425742574257,1.531969547043709,Low,Low,0.6534653465346535,0.24752475247524752,0.09900990099009901,0.6534653465346535
I401,Grass 3,Scene,5.009803921568627,1.0388026050514587,Positive,Positive,0.0,0.4117647058823529,0.5882352941176471,0.5882352941176471,2.108910891089109,1.325903390892488,Low,Low,0.7821782178217822,0.1782178217821782,0.039603960396039604,0.7821782178217822
I402,Grass 4,Scene,5.2254901960784315,1.1596078437937887,Positive,Positive,0.0,0.37254901960784315,0.6274509803921569,0.6274509803921569,2.108910891089109,1.5093110355325037,Low,Low,0.7326732673267327,0.1782178217821782,0.0891089108910891,0.7326732673267327
I403,Grass 5,Scene,4.9411764705882355,0.9525736832472029,Positive,Positive,0.0196078431372549,0.35294117647058826,0.6274509803921569,0.6274509803921569,2.4257425742574257,1.5254280360178605,Low,Low,0.6534653465346535,0.25742574257425743,0.0891089108910891,0.6534653465346535
I404,Grass 6,Scene,5.158415841584159,1.074548028403819,Positive,Positive,0.009900990099009901,0.33663366336633666,0.6534653465346535,0.6534653465346535,2.854368932038835,1.7954614186030247,Low,Low,0.6116504854368932,0.18446601941747573,0.20388349514563106,0.6116504854368932
I405,Grass 7,Scene,4.892156862745098,0.910954919982084,Positive,Positive,0.00980392156862745,0.38235294117647056,0.6078431372549019,0.6078431372549019,2.3366336633663365,1.4985141155342665,Low,Low,0.6633663366336634,0.25742574257425743,0.07920792079207921,0.6633663366336634
I406,Graveyard 1,Scene,3.2037037037037037,1.2512368404959118,Negative,Negative,0.6296296296296297,0.23148148148148148,0.1388888888888889,0.6296296296296297,3.4615384615384617,1.6832877960502153,Low,Low,0.47115384615384615,0.19230769230769232,0.33653846153846156,0.47115384615384615
I407,Graveyard 2,Scene,3.277227722772277,1.1412169984817797,Negative,Negative,0.5445544554455446,0.32673267326732675,0.12871287128712872,0.5445544554455446,3.5728155339805827,1.7965213758466603,Medium,Low,0.42718446601941745,0.20388349514563106,0.36893203883495146,0.42718446601941745
I408,Graveyard 3,Scene,3.5784313725490198,1.2302802909311124,Neutral,Negative,0.4803921568627451,0.3431372549019608,0.17647058823529413,0.4803921568627451,3.613861386138614,1.593551361140914,Medium,Low,0.42574257425742573,0.21782178217821782,0.3564356435643564,0.42574257425742573
I409,Graveyard 4,Scene,3.212962962962963,1.2828919282426003,Negative,Negative,0.6018518518518519,0.25,0.14814814814814814,0.6018518518518519,3.625,1.661602338135418,Medium,Low,0.41346153846153844,0.25,0.33653846153846156,0.41346153846153844
I410,Guitar 1,Person,5.527777777777778,0.9711572568052421,Positive,Positive,0.0,0.14814814814814814,0.8518518518518519,0.8518518518518519,3.2596153846153846,1.5703267380475423,Low,Low,0.5288461538461539,0.22115384615384615,0.25,0.5288461538461539
I411,Gun 1,Object,2.732673267326733,1.4757444840412646,Negative,Negative,0.693069306930693,0.2079207920792079,0.09900990099009901,0.693069306930693,4.019417475728155,1.8837831279170483,Medium,High,0.3592233009708738,0.1553398058252427,0.4854368932038835,0.4854368932038835
I412,Gun 2,Person,2.7450980392156863,1.114141986701323,Negative,Negative,0.7549019607843137,0.18627450980392157,0.058823529411764705,0.7549019607843137,4.198019801980198,1.5749273124826937,Medium,High,0.2871287128712871,0.2079207920792079,0.504950495049505,0.504950495049505
I413,Gun 3,Object,2.9705882352941178,1.5508278361204264,Negative,Negative,0.7058823529411765,0.13725490196078433,0.1568627450980392,0.7058823529411765,4.02970297029703,1.6819955145276364,Medium,High,0.32673267326732675,0.2079207920792079,0.46534653465346537,0.46534653465346537
I414,Gun 4,Object,2.8627450980392157,1.455880637082305,Negative,Negative,0.7352941176470589,0.14705882352941177,0.11764705882352941,0.7352941176470589,3.891089108910891,1.754428625501818,Medium,Low,0.37623762376237624,0.25742574257425743,0.36633663366336633,0.37623762376237624
I415,Gun 5,Object,2.9215686274509802,1.5394886286744371,Negative,Negative,0.6470588235294118,0.21568627450980393,0.13725490196078433,0.6470588235294118,4.118811881188119,1.807136567683092,Medium,High,0.32673267326732675,0.18811881188118812,0.48514851485148514,0.48514851485148514
I416,Gun 6,Object,2.8415841584158414,1.514811362957954,Negative,Negative,0.6534653465346535,0.22772277227722773,0.1188118811881188,0.6534653465346535,3.9611650485436893,1.9398925081251654,Medium,High,0.34951456310679613,0.18446601941747573,0.46601941747572817,0.46601941747572817
I417,Gun 7,Object,2.881188118811881,1.5638870081490623,Negative,Negative,0.6633663366336634,0.19801980198019803,0.13861386138613863,0.6633663366336634,4.019417475728155,1.894163287390886,Medium,High,0.34951456310679613,0.20388349514563106,0.44660194174757284,0.44660194174757284
I418,Gun 8,Object,3.0792079207920793,1.453844340476873,Negative,Negative,0.5841584158415841,0.2871287128712871,0.12871287128712872,0.5841584158415841,3.941747572815534,1.7025081999655487,Medium,High,0.33980582524271846,0.20388349514563106,0.4563106796116505,0.4563106796116505
I419,Gun 9,Object,2.8823529411764706,1.4370908295640212,Negative,Negative,0.6862745098039216,0.20588235294117646,0.10784313725490197,0.6862745098039216,4.346534653465347,1.734564173297468,Medium,High,0.2871287128712871,0.18811881188118812,0.5247524752475248,0.5247524752475248
I420,Gun 10,Object,2.6435643564356437,1.5072103928505907,Negative,Negative,0.7128712871287128,0.18811881188118812,0.09900990099009901,0.7128712871287128,4.174757281553398,1.8861059816042993,Medium,High,0.3106796116504854,0.14563106796116504,0.5436893203883495,0.5436893203883495
I421,Hallway 1,Scene,2.611111111111111,1.1260163287384732,Negative,Negative,0.7592592592592593,0.21296296296296297,0.027777777777777776,0.7592592592592593,3.375,1.9468047009624052,Low,Low,0.5480769230769231,0.10576923076923077,0.34615384615384615,0.5480769230769231
I422,Hang gliding 1,Person,5.055555555555555,1.198389365628338,Positive,Positive,0.08333333333333333,0.21296296296296297,0.7037037037037037,0.7037037037037037,4.346153846153846,1.7886873788363256,Medium,High,0.2692307692307692,0.1346153846153846,0.5961538461538461,0.5961538461538461
I423,Hang gliding 2,Person,5.176470588235294,1.1027577016876073,Positive,Positive,0.0392156862745098,0.23529411764705882,0.7254901960784313,0.7254901960784313,4.198019801980198,1.5749273124826937,Medium,High,0.26732673267326734,0.2079207920792079,0.5247524752475248,0.5247524752475248
I424,Hang gliding 3,Person,4.931372549019608,1.0648274524059749,Positive,Positive,0.0392156862745098,0.3333333333333333,0.6274509803921569,0.6274509803921569,4.099009900990099,1.5395125884191365,Medium,High,0.26732673267326734,0.22772277227722773,0.504950495049505,0.504950495049505
I425,Hangover 1,Person,2.4158415841584158,0.9302400414159054,Negative,Negative,0.8811881188118812,0.10891089108910891,0.009900990099009901,0.8811881188118812,3.349514563106796,1.7529176678543785,Low,Low,0.4854368932038835,0.20388349514563106,0.3106796116504854,0.4854368932038835
I426,Happy face 1,Person,5.472222222222222,0.9902169434096633,Positive,Positive,0.009259259259259259,0.17592592592592593,0.8148148148148148,0.8148148148148148,3.0288461538461537,1.560786027822282,Low,Low,0.5480769230769231,0.28846153846153844,0.16346153846153846,0.5480769230769231
I427,Happy face 2,Person,5.194444444444445,1.0542156878508797,Positive,Positive,0.027777777777777776,0.26851851851851855,0.7037037037037037,0.7037037037037037,3.173076923076923,1.703464816887894,Low,Low,0.5096153846153846,0.2403846153846154,0.25,0.5096153846153846
I428,Happy pose 1,Person,4.888888888888889,1.2776536126407976,Positive,Positive,0.10185185185185185,0.26851851851851855,0.6296296296296297,0.6296296296296297,3.875,1.6645212729073682,Medium,High,0.34615384615384615,0.21153846153846154,0.4423076923076923,0.4423076923076923
I429,Happy pose 2,Person,5.607843137254902,0.9456190046118624,Positive,Positive,0.00980392156862745,0.11764705882352941,0.8725490196078431,0.8725490196078431,3.9306930693069306,1.5827660960645715,Medium,High,0.32673267326732675,0.2376237623762376,0.43564356435643564,0.43564356435643564
I430,Happy pose 3,Scene,5.742574257425742,0.9864427540058739,Positive,Positive,0.0,0.10891089108910891,0.8910891089108911,0.8910891089108911,3.9320388349514563,1.6701657539106363,Medium,High,0.36893203883495146,0.18446601941747573,0.44660194174757284,0.44660194174757284
I431,Heart 1,Object,4.666666666666667,1.0179899952175542,Positive,Positive,0.049019607843137254,0.45098039215686275,0.5,0.5,2.772277227722772,1.5157914640135157,Low,Low,0.6039603960396039,0.24752475247524752,0.1485148514851485,0.6039603960396039
I432,Heart 2,Object,4.925925925925926,1.1576943223469922,Positive,Positive,0.046296296296296294,0.35185185185185186,0.6018518518518519,0.6018518518518519,3.0961538461538463,1.591965450479075,Low,Low,0.5673076923076923,0.20192307692307693,0.23076923076923078,0.5673076923076923
I433,Heart 3,Object,4.745098039215686,1.0116771146727364,Positive,Positive,0.029411764705882353,0.45098039215686275,0.5196078431372549,0.5196078431372549,2.5346534653465347,1.4598928483669174,Low,Low,0.6336633663366337,0.2871287128712871,0.07920792079207921,0.6336633663366337
I434,Horse 1,Animal,5.935185185185185,1.0525727106382432,Positive,Positive,0.018518518518518517,0.07407407407407407,0.9074074074074074,0.9074074074074074,3.7211538461538463,1.7149074008754224,Medium,Low,0.46153846153846156,0.15384615384615385,0.38461538461538464,0.46153846153846156
I435,Horse racing 1,Animal,4.215686274509804,1.539110267477061,Neutral,Positive,0.35294117647058826,0.20588235294117646,0.4411764705882353,0.4411764705882353,4.306930693069307,1.566796567888925,Medium,High,0.27722772277227725,0.16831683168316833,0.5544554455445545,0.5544554455445545
I436,House 1,Scene,4.705882352941177,0.8853956467978971,Positive,Positive,0.0392156862745098,0.4117647058823529,0.5490196078431373,0.5490196078431373,3.0693069306930694,1.5764353823901205,Low,Low,0.5445544554455446,0.25742574257425743,0.19801980198019803,0.5445544554455446
I437,Injury 1,Person,1.9705882352941178,0.9995630961708009,Negative,Negative,0.9019607843137255,0.08823529411764706,0.00980392156862745,0.9019607843137255,4.534653465346534,1.9055936420740052,High,High,0.27722772277227725,0.0594059405940594,0.6633663366336634,0.6633663366336634
I438,Injury 2,Person,2.0925925925925926,0.7677742687763668,Negative,Negative,0.9907407407407407,0.009259259259259259,0.0,0.9907407407407407,4.0576923076923075,2.042399707354182,Medium,High,0.33653846153846156,0.10576923076923077,0.5576923076923077,0.5576923076923077
I439,Injury 3,Person,1.9705882352941178,0.9276381416481425,Negative,Negative,0.9607843137254902,0.0196078431372549,0.0196078431372549,0.9607843137254902,4.702970297029703,1.9367217376559058,High,High,0.24752475247524752,0.0891089108910891,0.6633663366336634,0.6633663366336634
I440,Injury 4,Person,1.392156862745098,0.9350900072640652,Negative,Negative,0.9509803921568627,0.029411764705882353,0.0196078431372549,0.9509803921568627,5.465346534653466,2.211625449463103,High,High,0.18811881188118812,0.039603960396039604,0.7722772277227723,0.7722772277227723
I441,Intensity 1,Person,2.8137254901960786,1.1408733163231894,Negative,Negative,0.7745098039215687,0.16666666666666666,0.058823529411764705,0.7745098039215687,4.148514851485149,1.835135627760855,Medium,High,0.3564356435643564,0.06930693069306931,0.5742574257425742,0.5742574257425742
I442,Jail 1,Scene,2.2254901960784315,0.9739870365809208,Negative,Negative,0.9215686274509803,0.06862745098039216,0.00980392156862745,0.9215686274509803,3.732673267326733,1.7770261062174122,Medium,Low,0.42574257425742573,0.19801980198019803,0.37623762376237624,0.42574257425742573
I443,Jail 2,Scene,2.01980198019802,1.1914713426667212,Negative,Negative,0.8811881188118812,0.06930693069306931,0.04950495049504951,0.8811881188118812,3.650485436893204,2.008358699037979,Medium,Low,0.47572815533980584,0.0970873786407767,0.42718446601941745,0.47572815533980584
I444,Jail 3,Scene,2.519607843137255,1.1918069495880577,Negative,Negative,0.8235294117647058,0.10784313725490197,0.06862745098039216,0.8235294117647058,3.900990099009901,1.85744421447886,Medium,High,0.36633663366336633,0.16831683168316833,0.46534653465346537,0.46534653465346537
I445,Jail 4,Scene,2.111111111111111,1.0441947515323593,Negative,Negative,0.8611111111111112,0.1388888888888889,0.0,0.8611111111111112,3.4326923076923075,1.7886612831835076,Low,Low,0.4519230769230769,0.23076923076923078,0.3173076923076923,0.4519230769230769
I446,Jail 5,Scene,3.0686274509803924,1.3516385649751532,Negative,Negative,0.6372549019607843,0.2549019607843137,0.10784313725490197,0.6372549019607843,3.287128712871287,1.7282166164191706,Low,Low,0.5346534653465347,0.18811881188118812,0.27722772277227725,0.5346534653465347
I447,Keyboard 1,Object,4.166666666666667,0.7588857560654806,Neutral,Neutral,0.06862745098039216,0.7549019607843137,0.17647058823529413,0.7549019607843137,2.1485148514851486,1.4517998389162423,Low,Low,0.693069306930693,0.24752475247524752,0.0594059405940594,0.693069306930693
I448,Keyboard 2,Object,4.108910891089109,0.614833149708275,Neutral,Neutral,0.04950495049504951,0.8316831683168316,0.1188118811881188,0.8316831683168316,2.3689320388349513,1.5779751934115671,Low,Low,0.7184466019417476,0.1941747572815534,0.08737864077669903,0.7184466019417476
I449,Keyboard 3,Object,4.333333333333333,0.7221164346658518,Neutral,Neutral,0.00980392156862745,0.7156862745098039,0.27450980392156865,0.7156862745098039,2.287128712871287,1.4855075473612804,Low,Low,0.7029702970297029,0.19801980198019803,0.09900990099009901,0.7029702970297029
I450,Keys 1,Object,4.02970297029703,0.6550640509836341,Neutral,Neutral,0.0891089108910891,0.801980198019802,0.10891089108910891,0.801980198019802,2.3689320388349513,1.5402462959535865,Low,Low,0.7087378640776699,0.23300970873786409,0.05825242718446602,0.7087378640776699
I451,KKK rally 1,Person,1.3431372549019607,0.8954792736235828,Negative,Negative,0.9705882352941176,0.00980392156862745,0.0196078431372549,0.9705882352941176,4.702970297029703,2.207009535346169,High,High,0.27722772277227725,0.0594059405940594,0.6633663366336634,0.6633663366336634
I452,KKK rally 2,Person,1.2549019607843137,0.7131893852295041,Negative,Negative,0.9803921568627451,0.00980392156862745,0.00980392156862745,0.9803921568627451,4.98019801980198,2.1070367724356496,High,High,0.22772277227722773,0.0594059405940594,0.7128712871287128,0.7128712871287128
I453,Knife 1,Object,3.2450980392156863,1.2140781003944943,Negative,Negative,0.5980392156862745,0.29411764705882354,0.10784313725490197,0.5980392156862745,3.623762376237624,1.7079314104993493,Medium,Low,0.46534653465346537,0.19801980198019803,0.33663366336633666,0.46534653465346537
I454,Knife 2,Object,3.343137254901961,1.0482904332577478,Negative,Negative,0.5294117647058824,0.37254901960784315,0.09803921568627451,0.5294117647058824,3.702970297029703,1.5591315175792293,Medium,Low,0.38613861386138615,0.26732673267326734,0.3465346534653465,0.38613861386138615
I455,Lake 1,Scene,6.254901960784314,0.8975905537461584,Positive,Positive,0.0,0.058823529411764705,0.9411764705882353,0.9411764705882353,3.9702970297029703,1.9619146033635328,Medium,High,0.40594059405940597,0.09900990099009901,0.49504950495049505,0.49504950495049505
I456,Lake 2,Scene,6.392156862745098,0.869241876865692,Positive,Positive,0.00980392156862745,0.029411764705882353,0.9607843137254902,0.9607843137254902,3.891089108910891,2.024356639028854,Medium,High,0.44554455445544555,0.0891089108910891,0.46534653465346537,0.46534653465346537
I457,Lake 3,Scene,5.962962962962963,0.9265141779702692,Positive,Positive,0.0,0.06481481481481481,0.9351851851851852,0.9351851851851852,3.2211538461538463,1.9655120174307446,Low,Low,0.5480769230769231,0.125,0.3269230769230769,0.5480769230769231
I458,Lake 4,Scene,5.787037037037037,1.0941725497876904,Positive,Positive,0.009259259259259259,0.1388888888888889,0.8518518518518519,0.8518518518518519,3.2788461538461537,1.9876156900772781,Low,Low,0.5384615384615384,0.11538461538461539,0.34615384615384615,0.5384615384615384
I459,Lake 5,Scene,5.9504950495049505,1.0618496845011762,Positive,Positive,0.009900990099009901,0.09900990099009901,0.8910891089108911,0.8910891089108911,4.300970873786408,1.8778113639956464,Medium,High,0.3106796116504854,0.1553398058252427,0.5339805825242718,0.5339805825242718
I460,Lake 6,Scene,4.480392156862745,0.8528390810438379,Neutral,Neutral,0.08823529411764706,0.46078431372549017,0.45098039215686275,0.46078431372549017,2.4752475247524752,1.4324388950732985,Low,Low,0.7128712871287128,0.18811881188118812,0.09900990099009901,0.7128712871287128
I461,Lake 7,Scene,6.092592592592593,1.0279917545492538,Positive,Positive,0.0,0.09259259259259259,0.9074074074074074,0.9074074074074074,3.5865384615384617,1.9489134484564234,Medium,Low,0.4423076923076923,0.1346153846153846,0.4230769230769231,0.4423076923076923
I462,Lake 8,Scene,6.205882352941177,0.9156314197935875,Positive,Positive,0.0,0.058823529411764705,0.9411764705882353,0.9411764705882353,3.9603960396039604,1.859681650601564,Medium,High,0.3564356435643564,0.21782178217821782,0.42574257425742573,0.42574257425742573
I463,Lake 9,Scene,6.411764705882353,0.8247764914934286,Positive,Positive,0.0,0.029411764705882353,0.9705882352941176,0.9705882352941176,4.108910891089109,1.917816415087794,Medium,High,0.3564356435643564,0.12871287128712872,0.5148514851485149,0.5148514851485149
I464,Lake 10,Scene,6.147058823529412,1.0088426740874854,Positive,Positive,0.00980392156862745,0.0784313725490196,0.9117647058823529,0.9117647058823529,3.8118811881188117,1.8746352780587947,Medium,Medium,0.42574257425742573,0.1485148514851485,0.42574257425742573,0.1485148514851485
I465,Lake 11,Scene,5.715686274509804,1.047178679944611,Positive,Positive,0.0,0.16666666666666666,0.8333333333333334,0.8333333333333334,3.98019801980198,1.7943254889779725,Medium,High,0.3465346534653465,0.2079207920792079,0.44554455445544555,0.44554455445544555
I466,Lake 12,Scene,6.376237623762377,0.8700745387438349,Positive,Positive,0.009900990099009901,0.019801980198019802,0.9702970297029703,0.9702970297029703,4.728155339805825,1.7612059969998586,High,High,0.23300970873786409,0.13592233009708737,0.6310679611650486,0.6310679611650486
I467,Lake 13,Scene,6.166666666666667,0.9811303799342402,Positive,Positive,0.009259259259259259,0.05555555555555555,0.9351851851851852,0.9351851851851852,3.7211538461538463,1.9876156900772781,Medium,High,0.41346153846153844,0.15384615384615385,0.4326923076923077,0.4326923076923077
I468,Lake 14,Scene,6.313725490196078,0.9437694818065274,Positive,Positive,0.0,0.06862745098039216,0.9313725490196079,0.9313725490196079,4.663366336633663,1.6448539614371378,High,High,0.2079207920792079,0.13861386138613863,0.6534653465346535,0.6534653465346535
I469,Lake 15,Scene,6.247524752475248,0.9209336631273656,Positive,Positive,0.0,0.04950495049504951,0.9504950495049505,0.9504950495049505,4.631067961165049,1.7488948401784097,High,High,0.23300970873786409,0.14563106796116504,0.6213592233009708,0.6213592233009708
I470,Lake 16,Scene,6.108910891089109,0.9262935830395231,Positive,Positive,0.009900990099009901,0.039603960396039604,0.9504950495049505,0.9504950495049505,4.29126213592233,1.763636327953625,Medium,High,0.33980582524271846,0.13592233009708737,0.5242718446601942,0.5242718446601942
I471,Lake 17,Scene,5.588235294117647,1.008409601445041,Positive,Positive,0.00980392156862745,0.12745098039215685,0.8627450980392157,0.8627450980392157,3.613861386138614,1.6968812393900934,Medium,Low,0.45544554455445546,0.1782178217821782,0.36633663366336633,0.45544554455445546
I472,Lamb 1,Animal,5.754901960784314,0.9589213671166937,Positive,Positive,0.00980392156862745,0.0784313725490196,0.9117647058823529,0.9117647058823529,3.9504950495049505,1.745716114514398,Medium,High,0.36633663366336633,0.18811881188118812,0.44554455445544555,0.44554455445544555
I473,Lava 1,Scene,4.055555555555555,1.5875292819925562,Neutral,Positive,0.35185185185185186,0.2777777777777778,0.37037037037037035,0.37037037037037035,4.721153846153846,1.609780367152768,High,High,0.19230769230769232,0.14423076923076922,0.6634615384615384,0.6634615384615384
I474,Lightning 1,Scene,4.852941176470588,1.1722624213990418,Positive,Positive,0.08823529411764706,0.3137254901960784,0.5980392156862745,0.5980392156862745,4.524752475247524,1.6223073654886768,High,High,0.1782178217821782,0.18811881188118812,0.6336633663366337,0.6336633663366337
I475,Lightning 2,Scene,4.257425742574258,1.3831374866334483,Neutral,Positive,0.31683168316831684,0.27722772277227725,0.40594059405940597,0.40594059405940597,4.621359223300971,1.6984220176639448,High,High,0.18446601941747573,0.1941747572815534,0.6213592233009708,0.6213592233009708
I476,Lightning 3,Scene,4.588235294117647,1.2847386078978011,Positive,Positive,0.18627450980392157,0.29411764705882354,0.5196078431372549,0.5196078431372549,4.792079207920792,1.716489625271113,High,High,0.18811881188118812,0.1782178217821782,0.6336633663366337,0.6336633663366337
I477,Lightning 4,Scene,4.46078431372549,1.3619407281810163,Neutral,Positive,0.22549019607843138,0.22549019607843138,0.5490196078431373,0.5490196078431373,4.8316831683168315,1.619069528653375,High,High,0.18811881188118812,0.1485148514851485,0.6633663366336634,0.6633663366336634
I478,Lightning 5,Scene,4.411764705882353,1.3076540946355957,Neutral,Positive,0.19607843137254902,0.3333333333333333,0.47058823529411764,0.47058823529411764,4.534653465346534,1.6526606211539232,High,High,0.22772277227722773,0.16831683168316833,0.6039603960396039,0.6039603960396039
I479,Lightning 6,Scene,4.490196078431373,1.4470529836223038,Neutral,Positive,0.23529411764705882,0.29411764705882354,0.47058823529411764,0.47058823529411764,4.712871287128713,1.6021025788841758,High,High,0.18811881188118812,0.1188118811881188,0.693069306930693,0.693069306930693
I480,Lightning 7,Scene,4.435643564356436,1.1951220990690317,Neutral,Positive,0.2079207920792079,0.3465346534653465,0.44554455445544555,0.44554455445544555,4.466019417475728,1.6734110636226114,Medium,High,0.2524271844660194,0.20388349514563106,0.5436893203883495,0.5436893203883495
I481,Lion 1,Animal,5.01980198019802,1.240807785434972,Positive,Positive,0.10891089108910891,0.22772277227722773,0.6633663366336634,0.6633663366336634,4.339805825242719,1.6303097147008867,Medium,High,0.23300970873786409,0.21359223300970873,0.5533980582524272,0.5533980582524272
I482,Lion 2,Animal,3.656862745098039,1.4791963167040425,Neutral,Negative,0.5392156862745098,0.18627450980392157,0.27450980392156865,0.5392156862745098,4.2772277227722775,1.7556697404761987,Medium,High,0.2871287128712871,0.13861386138613863,0.5742574257425742,0.5742574257425742
I483,Lion 3,Animal,4.944444444444445,1.2443016532824227,Positive,Positive,0.10185185185185185,0.2222222222222222,0.6759259259259259,0.6759259259259259,3.7884615384615383,1.7104650870568299,Medium,High,0.40384615384615385,0.18269230769230768,0.41346153846153844,0.41346153846153844
I484,Lion 4,Animal,4.627450980392157,1.4753524071543245,Positive,Positive,0.22549019607843138,0.1568627450980392,0.6176470588235294,0.6176470588235294,4.217821782178218,1.7064815287370654,Medium,High,0.3069306930693069,0.16831683168316833,0.5247524752475248,0.5247524752475248
I485,Lion 5,Animal,3.7254901960784315,1.387046600579865,Neutral,Negative,0.4411764705882353,0.3137254901960784,0.24509803921568626,0.4411764705882353,4.693069306930693,1.6476806380935944,High,High,0.18811881188118812,0.10891089108910891,0.7029702970297029,0.7029702970297029
I486,Massage 1,Person,5.705882352941177,1.0396899318253319,Positive,Positive,0.0196078431372549,0.08823529411764706,0.8921568627450981,0.8921568627450981,4.1683168316831685,1.7092062890750963,Medium,High,0.31683168316831684,0.1188118811881188,0.5643564356435643,0.5643564356435643
I487,Massage 2,Person,5.754901960784314,1.102977738344363,Positive,Positive,0.0196078431372549,0.10784313725490197,0.8725490196078431,0.8725490196078431,4.118811881188119,1.7509262046863727,Medium,High,0.33663366336633666,0.18811881188118812,0.4752475247524752,0.4752475247524752
I488,Meerkat 1,Animal,4.953703703703703,1.1791352705073235,Positive,Positive,0.06481481481481481,0.32407407407407407,0.6111111111111112,0.6111111111111112,3.3461538461538463,1.6474118021929067,Low,Low,0.5096153846153846,0.2403846153846154,0.25,0.5096153846153846
I489,Memorial 1,Scene,4.666666666666667,1.4646550861729,Positive,Positive,0.17647058823529413,0.30392156862745096,0.5196078431372549,0.5196078431372549,4.4,1.8802535827258875,Medium,High,0.27,0.2,0.53,0.53
I490,Memorial 2,Scene,2.9603960396039604,1.3558819423475477,Negative,Negative,0.6831683168316832,0.22772277227722773,0.0891089108910891,0.6831683168316832,3.8737864077669903,1.9080819424304414,Medium,Medium,0.42718446601941745,0.14563106796116504,0.42718446601941745,0.14563106796116504
I491,Memorial 3,Scene,3.0555555555555554,1.452251447894879,Negative,Negative,0.6574074074074074,0.19444444444444445,0.14814814814814814,0.6574074074074074,3.5288461538461537,1.778822184607299,Medium,Low,0.4230769230769231,0.2403846153846154,0.33653846153846156,0.4230769230769231
I492,Miserable face 1,Person,3.5247524752475248,1.0825346128964246,Neutral,Negative,0.5445544554455446,0.3069306930693069,0.1485148514851485,0.5445544554455446,3.436893203883495,1.7130977726559713,Low,Low,0.42718446601941745,0.30097087378640774,0.27184466019417475,0.42718446601941745
I493,Miserable face 2,Person,2.588235294117647,1.1548686537675457,Negative,Negative,0.8529411764705882,0.11764705882352941,0.029411764705882353,0.8529411764705882,3.891089108910891,1.8270248498529509,Medium,High,0.38613861386138615,0.1782178217821782,0.43564356435643564,0.43564356435643564
I494,Miserable pose 1,Person,2.5588235294117645,0.9705926474900153,Negative,Negative,0.9019607843137255,0.0784313725490196,0.0196078431372549,0.9019607843137255,3.4356435643564356,1.6578048231571678,Low,Low,0.5148514851485149,0.15841584158415842,0.32673267326732675,0.5148514851485149
I495,Miserable pose 2,Person,2.7962962962962963,0.9146702511820144,Negative,Negative,0.7870370370370371,0.19444444444444445,0.018518518518518517,0.7870370370370371,3.1634615384615383,1.684368896955361,Low,Low,0.5384615384615384,0.21153846153846154,0.25,0.5384615384615384
I496,Miserable pose 3,Person,1.107843137254902,0.419968474656029,Negative,Negative,0.9901960784313726,0.00980392156862745,0.0,0.9901960784313726,5.148514851485149,2.342588903815014,High,High,0.25742574257425743,0.039603960396039604,0.7029702970297029,0.7029702970297029
I497,Miserable pose 4,Person,2.5833333333333335,0.9775517769589057,Negative,Negative,0.8611111111111112,0.10185185185185185,0.037037037037037035,0.8611111111111112,3.9615384615384617,1.6065586263394096,Medium,High,0.3557692307692308,0.14423076923076922,0.5,0.5
I498,Miserable pose 5,Person,2.950980392156863,0.9479258334650131,Negative,Negative,0.7941176470588235,0.1568627450980392,0.049019607843137254,0.7941176470588235,3.4455445544554455,1.584141707832683,Low,Low,0.48514851485148514,0.21782178217821782,0.297029702970297,0.48514851485148514
I499,Money 1,Object,4.96039603960396,1.14822290587854,Positive,Positive,0.06930693069306931,0.297029702970297,0.6336633663366337,0.6336633663366337,3.679611650485437,1.744535402127082,Medium,Low,0.39805825242718446,0.2621359223300971,0.33980582524271846,0.39805825242718446
I500,Monkey 1,Animal,4.871287128712871,1.1372191199292567,Positive,Positive,0.1188118811881188,0.2376237623762376,0.6435643564356436,0.6435643564356436,4.213592233009709,1.600554349046857,Medium,High,0.2621359223300971,0.22330097087378642,0.5145631067961165,0.5145631067961165
I501,Monkey 2,Animal,4.029411764705882,1.3159785904615966,Neutral,Neutral,0.30392156862745096,0.37254901960784315,0.3235294117647059,0.37254901960784315,3.722772277227723,1.6859348260308764,Medium,Low,0.4158415841584158,0.19801980198019803,0.38613861386138615,0.4158415841584158
I502,Monkey 3,Animal,3.6203703703703702,1.2283077987457682,Neutral,Negative,0.5092592592592593,0.26851851851851855,0.2222222222222222,0.5092592592592593,3.5673076923076925,1.6995968858259263,Medium,Low,0.4230769230769231,0.25,0.3269230769230769,0.4230769230769231
I503,Monkey 4,Animal,2.861111111111111,1.097646874197771,Negative,Negative,0.6944444444444444,0.25925925925925924,0.046296296296296294,0.6944444444444444,3.6826923076923075,1.7967847393474559,Medium,Low,0.36538461538461536,0.27884615384615385,0.3557692307692308,0.36538461538461536
I504,Moon 1,Scene,5.2745098039215685,1.1786622955001251,Positive,Positive,0.00980392156862745,0.3137254901960784,0.6764705882352942,0.6764705882352942,3.613861386138614,1.8109130129837987,Medium,Low,0.40594059405940597,0.22772277227722773,0.36633663366336633,0.40594059405940597
I505,Mother 1,Person,6.107843137254902,1.1596078437937887,Positive,Positive,0.029411764705882353,0.06862745098039216,0.9019607843137255,0.9019607843137255,4.089108910891089,1.7498514788460768,Medium,High,0.33663366336633666,0.16831683168316833,0.49504950495049505,0.49504950495049505
I506,Mother 2,Person,5.925925925925926,1.0203875359066839,Positive,Positive,0.009259259259259259,0.09259259259259259,0.8981481481481481,0.8981481481481481,3.8461538461538463,1.7110107770011822,Medium,High,0.375,0.21153846153846154,0.41346153846153844,0.41346153846153844
I507,Mother 3,Person,5.089108910891089,1.5106224538314668,Positive,Positive,0.1485148514851485,0.16831683168316833,0.6831683168316832,0.6831683168316832,4.106796116504855,1.6856523805992931,Medium,High,0.30097087378640774,0.23300970873786409,0.46601941747572817,0.46601941747572817
I508,Mother 4,Person,6.049019607843137,1.1636188939273868,Positive,Positive,0.029411764705882353,0.06862745098039216,0.9019607843137255,0.9019607843137255,4.089108910891089,1.7210404405532724,Medium,High,0.31683168316831684,0.15841584158415842,0.5247524752475248,0.5247524752475248
I509,Mother 5,Person,5.935185185185185,1.0164364003911668,Positive,Positive,0.009259259259259259,0.08333333333333333,0.9074074074074074,0.9074074074074074,3.5096153846153846,1.6250179524486592,Medium,Low,0.4230769230769231,0.2692307692307692,0.3076923076923077,0.4230769230769231
I510,Mother 6,Person,6.078431372549019,1.157722880278726,Positive,Positive,0.049019607843137254,0.0392156862745098,0.9117647058823529,0.9117647058823529,4.445544554455446,1.723225159546787,Medium,High,0.22772277227722773,0.19801980198019803,0.5742574257425742,0.5742574257425742
I511,Mother 7,Person,6.03960396039604,1.1993397523571703,Positive,Positive,0.039603960396039604,0.06930693069306931,0.8910891089108911,0.8910891089108911,4.300970873786408,1.6499254377467303,Medium,High,0.2815533980582524,0.18446601941747573,0.5339805825242718,0.5339805825242718
I512,Mother 8,Person,5.931372549019608,1.244869104587231,Positive,Positive,0.0392156862745098,0.08823529411764706,0.8725490196078431,0.8725490196078431,3.9702970297029703,1.7969721508390408,Medium,High,0.36633663366336633,0.19801980198019803,0.43564356435643564,0.43564356435643564
I513,Mother 9,Person,5.981481481481482,1.1105398323698377,Positive,Positive,0.009259259259259259,0.10185185185185185,0.8888888888888888,0.8888888888888888,3.6346153846153846,1.801065985905641,Medium,Low,0.41346153846153844,0.20192307692307693,0.38461538461538464,0.41346153846153844
I514,Motocross 1,Person,4.777777777777778,1.016989632578713,Positive,Positive,0.07407407407407407,0.3425925925925926,0.5833333333333334,0.5833333333333334,3.8653846153846154,1.7463286999602066,Medium,High,0.34615384615384615,0.2403846153846154,0.41346153846153844,0.41346153846153844
I515,Musician 1,Person,5.407407407407407,0.9475698089050515,Positive,Positive,0.009259259259259259,0.1574074074074074,0.8333333333333334,0.8333333333333334,3.2115384615384617,1.543373413549676,Low,Low,0.5384615384615384,0.25,0.21153846153846154,0.5384615384615384
I516,Nature 1,Scene,6.118811881188119,0.9724929687444663,Positive,Positive,0.009900990099009901,0.07920792079207921,0.9108910891089109,0.9108910891089109,4.427184466019417,1.7523202643283955,Medium,High,0.2524271844660194,0.1941747572815534,0.5533980582524272,0.5533980582524272
I517,Nature 2,Scene,5.666666666666667,1.0467614680322808,Positive,Positive,0.0,0.14705882352941177,0.8529411764705882,0.8529411764705882,3.5742574257425743,1.7569663323664761,Medium,Low,0.45544554455445546,0.19801980198019803,0.3465346534653465,0.45544554455445546
I518,Neonazi 1,Person,2.0392156862745097,1.4753524071543243,Negative,Negative,0.8725490196078431,0.058823529411764705,0.06862745098039216,0.8725490196078431,4.435643564356436,2.1420356746989926,Medium,High,0.297029702970297,0.13861386138613863,0.5643564356435643,0.5643564356435643
I519,Neutral face 1,Person,3.9607843137254903,0.7164484549933762,Neutral,Neutral,0.12745098039215685,0.7843137254901961,0.08823529411764706,0.7843137254901961,2.405940594059406,1.350394148549098,Low,Low,0.7227722772277227,0.2079207920792079,0.06930693069306931,0.7227722772277227
I520,Neutral face 2,Person,4.675925925925926,0.905112206641411,Positive,Neutral,0.018518518518518517,0.5277777777777778,0.4537037037037037,0.5277777777777778,2.1826923076923075,1.3918237185899565,Low,Low,0.7596153846153846,0.19230769230769232,0.04807692307692308,0.7596153846153846
I521,Neutral face 3,Person,4.5049504950495045,0.9861415960828103,Positive,Neutral,0.09900990099009901,0.48514851485148514,0.4158415841584158,0.48514851485148514,2.621359223300971,1.4356559261609168,Low,Low,0.6601941747572816,0.2621359223300971,0.07766990291262135,0.6601941747572816
I522,Neutral face 4,Person,3.891089108910891,0.8706433265006963,Neutral,Neutral,0.19801980198019803,0.6831683168316832,0.1188118811881188,0.6831683168316832,2.1782178217821784,1.3068744362329565,Low,Low,0.7722772277227723,0.19801980198019803,0.0297029702970297,0.7722772277227723
I523,Neutral face 5,Person,4.980392156862745,1.0528640068724826,Positive,Positive,0.0196078431372549,0.37254901960784315,0.6078431372549019,0.6078431372549019,3.772277227722772,1.6785778988108466,Medium,Medium,0.36633663366336633,0.26732673267326734,0.36633663366336633,0.26732673267326734
I524,Neutral pose 1,Person,5.0588235294117645,1.0227465391783446,Positive,Positive,0.0392156862745098,0.28431372549019607,0.6764705882352942,0.6764705882352942,3.01980198019802,1.5425964995409653,Low,Low,0.5544554455445545,0.25742574257425743,0.18811881188118812,0.5544554455445545
I525,Neutral pose 2,Scene,5.254901960784314,1.1229934758175537,Positive,Positive,0.0392156862745098,0.17647058823529413,0.7843137254901961,0.7843137254901961,3.6633663366336635,1.6689950732268342,Medium,Low,0.43564356435643564,0.2376237623762376,0.32673267326732675,0.43564356435643564
I526,Neutral pose 3,Person,3.8118811881188117,0.5605866799546474,Neutral,Neutral,0.18811881188118812,0.7722772277227723,0.039603960396039604,0.7722772277227723,2.6019417475728157,1.437180012639422,Low,Low,0.6310679611650486,0.2912621359223301,0.07766990291262135,0.6310679611650486
I527,Nude couple 1,Person,5.421568627450981,1.2058953742590954,Positive,Positive,0.049019607843137254,0.13725490196078433,0.8137254901960784,0.8137254901960784,4.99009900990099,1.3378718137770187,High,High,0.09900990099009901,0.1188118811881188,0.7821782178217822,0.7821782178217822
I528,Nude couple 2,Person,5.4411764705882355,1.0769734767114254,Positive,Positive,0.049019607843137254,0.11764705882352941,0.8333333333333334,0.8333333333333334,4.405940594059406,1.5503433027673723,Medium,High,0.21782178217821782,0.26732673267326734,0.5148514851485149,0.5148514851485149
I529,Nude couple 3,Person,5.450980392156863,1.0956931978296396,Positive,Positive,0.0392156862745098,0.09803921568627451,0.8627450980392157,0.8627450980392157,4.5049504950495045,1.4115506535455087,High,High,0.19801980198019803,0.19801980198019803,0.6039603960396039,0.6039603960396039
I530,Nude couple 4,Person,5.362745098039215,1.0604427964207608,Positive,Positive,0.0392156862745098,0.14705882352941177,0.8137254901960784,0.8137254901960784,4.465346534653466,1.3897075694954213,Medium,High,0.19801980198019803,0.26732673267326734,0.5346534653465347,0.5346534653465347
I531,Nude couple 5,Person,5.685185185185185,1.3509992712087255,Positive,Positive,0.05555555555555555,0.1111111111111111,0.8333333333333334,0.8333333333333334,5.346153846153846,1.2905122845924764,High,High,0.08653846153846154,0.08653846153846154,0.8269230769230769,0.8269230769230769
I532,Nude couple 6,Person,5.297029702970297,1.5719068321974146,Positive,Positive,0.13861386138613863,0.10891089108910891,0.7524752475247525,0.7524752475247525,5.427184466019417,1.746716481183676,High,High,0.13592233009708737,0.06796116504854369,0.7961165048543689,0.7961165048543689
I533,Nude couple 7,Person,5.693069306930693,1.0652940838794305,Positive,Positive,0.009900990099009901,0.10891089108910891,0.8811881188118812,0.8811881188118812,4.213592233009709,1.7187004064111655,Medium,High,0.27184466019417475,0.24271844660194175,0.4854368932038835,0.4854368932038835
I534,Nude couple 8,Person,5.277777777777778,1.266633873981156,Positive,Positive,0.06481481481481481,0.14814814814814814,0.7870370370370371,0.7870370370370371,4.701923076923077,1.519324119611467,High,High,0.18269230769230768,0.14423076923076922,0.6730769230769231,0.6730769230769231
I535,Nude couple 9,Person,5.166666666666667,1.3206908883013635,Positive,Positive,0.09803921568627451,0.17647058823529413,0.7254901960784313,0.7254901960784313,5.0594059405940595,1.3698305163648372,High,High,0.12871287128712872,0.10891089108910891,0.7623762376237624,0.7623762376237624
I536,Nude couple 10,Person,5.5,1.0600765897979372,Positive,Positive,0.029411764705882353,0.11764705882352941,0.8529411764705882,0.8529411764705882,4.297029702970297,1.4597572021089364,Medium,High,0.24752475247524752,0.2376237623762376,0.5148514851485149,0.5148514851485149
I537,Nude couple 11,Person,4.647058823529412,1.8165741820475625,Positive,Positive,0.23529411764705882,0.14705882352941177,0.6176470588235294,0.6176470588235294,5.7227722772277225,1.6680456341550618,High,High,0.1188118811881188,0.039603960396039604,0.8415841584158416,0.8415841584158416
I538,Nude couple 12,Person,5.068627450980392,1.29170854636173,Positive,Positive,0.09803921568627451,0.18627450980392157,0.7156862745098039,0.7156862745098039,5.217821782178218,1.22966629941655,High,High,0.0891089108910891,0.15841584158415842,0.7524752475247525,0.7524752475247525
I539,Nude couple 13,Person,5.794117647058823,1.0373064442533162,Positive,Positive,0.0196078431372549,0.058823529411764705,0.9215686274509803,0.9215686274509803,4.514851485148514,1.5786947861200948,High,High,0.2079207920792079,0.1782178217821782,0.6138613861386139,0.6138613861386139
I540,Nude couple 14,Person,4.841584158415841,2.0333847312662043,Positive,Positive,0.2376237623762376,0.0891089108910891,0.6732673267326733,0.6732673267326733,5.621359223300971,1.8844903864844553,High,High,0.13592233009708737,0.05825242718446602,0.8058252427184466,0.8058252427184466
I541,Nude man 1,Person,4.382352941176471,0.8564735162865077,Neutral,Neutral,0.06862745098039216,0.5882352941176471,0.3431372549019608,0.5882352941176471,3.287128712871287,1.6391255819086368,Low,Low,0.504950495049505,0.26732673267326734,0.22772277227722773,0.504950495049505
I542,Nude man 2,Person,4.4411764705882355,1.0490309475634336,Neutral,Neutral,0.10784313725490197,0.46078431372549017,0.43137254901960786,0.46078431372549017,3.0594059405940595,1.6051279212462652,Low,Low,0.5445544554455446,0.25742574257425743,0.19801980198019803,0.5445544554455446
I543,Nude man 4,Person,4.588235294117647,1.3523206396433347,Positive,Positive,0.10784313725490197,0.4019607843137255,0.49019607843137253,0.49019607843137253,3.6633663366336635,1.7735683111894633,Medium,Low,0.48514851485148514,0.15841584158415842,0.3564356435643564,0.48514851485148514
I544,Nude man 5,Person,4.712871287128713,1.4514588086705482,Positive,Positive,0.1782178217821782,0.22772277227722773,0.594059405940594,0.594059405940594,3.6116504854368934,1.9160468377586848,Medium,Low,0.42718446601941745,0.1553398058252427,0.4174757281553398,0.42718446601941745
I545,Nude man 6,Person,4.0,1.194044628251987,Neutral,Neutral,0.3137254901960784,0.4411764705882353,0.24509803921568626,0.4411764705882353,3.5247524752475248,1.7297055206360452,Medium,Low,0.43564356435643564,0.24752475247524752,0.31683168316831684,0.43564356435643564
I546,Nude man 7,Person,4.514851485148514,1.1542431406435874,Positive,Neutral,0.13861386138613863,0.43564356435643564,0.42574257425742573,0.43564356435643564,3.7475728155339807,1.9838487381159755,Medium,High,0.3883495145631068,0.1650485436893204,0.44660194174757284,0.44660194174757284
I547,Nude man 8,Person,3.1683168316831685,1.6557131812647568,Negative,Negative,0.6039603960396039,0.2079207920792079,0.18811881188118812,0.6039603960396039,3.7572815533980584,2.130387147995092,Medium,High,0.39805825242718446,0.13592233009708737,0.46601941747572817,0.46601941747572817
I548,Nude man 9,Person,3.3981481481481484,1.004102005605053,Negative,Negative,0.5092592592592593,0.4074074074074074,0.08333333333333333,0.5092592592592593,3.5,1.8061384006576287,Medium,Low,0.47115384615384615,0.19230769230769232,0.33653846153846156,0.47115384615384615
I549,Nude man 10,Person,3.5445544554455446,1.5781302384483198,Neutral,Negative,0.504950495049505,0.24752475247524752,0.24752475247524752,0.504950495049505,3.7184466019417477,2.2247162221684627,Medium,High,0.4077669902912621,0.14563106796116504,0.44660194174757284,0.44660194174757284
I550,Nude man 11,Person,3.176470588235294,1.8043498854233824,Negative,Negative,0.5392156862745098,0.18627450980392157,0.27450980392156865,0.5392156862745098,4.158415841584159,2.2438033481895276,Medium,High,0.37623762376237624,0.10891089108910891,0.5148514851485149,0.5148514851485149
I551,Nude man 12,Person,4.663366336633663,1.0609168461549876,Positive,Positive,0.0891089108910891,0.39603960396039606,0.5148514851485149,0.5148514851485149,3.407766990291262,1.8387809964803647,Low,Low,0.42718446601941745,0.2621359223300971,0.3106796116504854,0.42718446601941745
I552,Nude man 13,Person,4.297029702970297,1.1536425309032738,Neutral,Neutral,0.1782178217821782,0.4752475247524752,0.3465346534653465,0.4752475247524752,3.4854368932038833,1.835724346376778,Low,Low,0.42718446601941745,0.21359223300970873,0.3592233009708738,0.42718446601941745
I553,Nude man 14,Person,4.342592592592593,1.4152839749196073,Neutral,Neutral,0.14814814814814814,0.4444444444444444,0.4074074074074074,0.4444444444444444,3.701923076923077,1.970066322338855,Medium,Low,0.4423076923076923,0.15384615384615385,0.40384615384615385,0.4423076923076923
I554,Nude man 15,Person,3.8613861386138613,1.5364224872755348,Neutral,Negative,0.38613861386138615,0.3564356435643564,0.25742574257425743,0.38613861386138615,3.5436893203883497,2.0329477247463825,Medium,Low,0.4563106796116505,0.13592233009708737,0.4077669902912621,0.4563106796116505
I555,Nude man 16,Person,4.425925925925926,1.4737814780112555,Neutral,Positive,0.2037037037037037,0.2777777777777778,0.5185185185185185,0.5185185185185185,3.8846153846153846,2.0063379784185194,Medium,High,0.3942307692307692,0.1346153846153846,0.47115384615384615,0.47115384615384615
I556,Nude man 17,Person,3.722772277227723,1.4360975724593934,Neutral,Negative,0.4158415841584158,0.32673267326732675,0.25742574257425743,0.4158415841584158,3.4854368932038833,2.052564525363919,Low,Low,0.4563106796116505,0.1262135922330097,0.4174757281553398,0.4563106796116505
I557,Nude man 18,Person,3.537037037037037,1.328521952417306,Neutral,Neutral,0.3888888888888889,0.4444444444444444,0.16666666666666666,0.4444444444444444,3.519230769230769,1.9606852835628632,Medium,Low,0.4423076923076923,0.15384615384615385,0.40384615384615385,0.4423076923076923
I558,Nude man 19,Person,4.768518518518518,1.1808952843292482,Positive,Positive,0.08333333333333333,0.39814814814814814,0.5185185185185185,0.5185185185185185,3.798076923076923,1.8766827151766672,Medium,High,0.40384615384615385,0.14423076923076922,0.4519230769230769,0.4519230769230769
I559,Nude man 20,Person,3.4814814814814814,1.836705102940556,Negative,Negative,0.4444444444444444,0.23148148148148148,0.32407407407407407,0.4444444444444444,4.221153846153846,2.1986612465480992,Medium,High,0.3557692307692308,0.10576923076923077,0.5384615384615384,0.5384615384615384
I560,Nude man 3,Person,4.303921568627451,1.1150564136709864,Neutral,Neutral,0.14705882352941177,0.5294117647058824,0.3235294117647059,0.5294117647058824,3.257425742574257,1.8091625982566335,Low,Low,0.5445544554455446,0.1485148514851485,0.3069306930693069,0.5445544554455446
I561,Nude man 21,Person,3.549019607843137,1.8164673090260228,Neutral,Negative,0.4019607843137255,0.30392156862745096,0.29411764705882354,0.4019607843137255,4.306930693069307,2.0285096709526713,Medium,High,0.31683168316831684,0.09900990099009901,0.5841584158415841,0.5841584158415841
I562,Nude man 22,Person,4.803921568627451,1.0627743972876786,Positive,Positive,0.06862745098039216,0.37254901960784315,0.5588235294117647,0.5588235294117647,3.900990099009901,1.7578677452814788,Medium,High,0.40594059405940597,0.15841584158415842,0.43564356435643564,0.43564356435643564
I563,Nude man 23,Person,3.980392156862745,1.489104935206612,Neutral,Neutral,0.29411764705882354,0.4019607843137255,0.30392156862745096,0.4019607843137255,3.594059405940594,1.6684017371231796,Medium,Low,0.4158415841584158,0.25742574257425743,0.32673267326732675,0.4158415841584158
I564,Nude woman 1,Person,5.0,1.2409673645990857,Positive,Positive,0.0891089108910891,0.32673267326732675,0.5841584158415841,0.5841584158415841,4.398058252427185,1.8488990143328103,Medium,High,0.2621359223300971,0.22330097087378642,0.5145631067961165,0.5145631067961165
I565,Nude woman 2,Person,4.623762376237623,1.6724322715644713,Positive,Positive,0.2376237623762376,0.22772277227722773,0.5346534653465347,0.5346534653465347,4.70873786407767,2.032245295335925,High,High,0.23300970873786409,0.1553398058252427,0.6116504854368932,0.6116504854368932
I566,Nude woman 3,Person,4.617647058823529,1.740855130983182,Positive,Positive,0.22549019607843138,0.21568627450980393,0.5588235294117647,0.5588235294117647,5.346534653465347,1.7688167998091628,High,High,0.1485148514851485,0.10891089108910891,0.7425742574257426,0.7425742574257426
I567,Nude woman 4,Person,3.871287128712871,1.4259268307780288,Neutral,Negative,0.45544554455445546,0.2376237623762376,0.3069306930693069,0.45544554455445546,4.679611650485437,1.8161238201342478,High,High,0.21359223300970873,0.20388349514563106,0.5825242718446602,0.5825242718446602
I568,Nude woman 5,Person,5.352941176470588,1.3022984922214134,Positive,Positive,0.0784313725490196,0.21568627450980393,0.7058823529411765,0.7058823529411765,4.9405940594059405,1.804559681352866,High,High,0.19801980198019803,0.10891089108910891,0.693069306930693,0.693069306930693
I569,Nude woman 6,Person,4.803921568627451,1.2351230803003337,Positive,Positive,0.08823529411764706,0.3431372549019608,0.5686274509803921,0.5686274509803921,4.455445544554456,1.723512416405797,Medium,High,0.21782178217821782,0.1782178217821782,0.6039603960396039,0.6039603960396039
I570,Nude woman 7,Person,5.178217821782178,1.3296318257620068,Positive,Positive,0.09900990099009901,0.25742574257425743,0.6435643564356436,0.6435643564356436,4.699029126213592,1.8409021203720761,High,High,0.24271844660194175,0.1262135922330097,0.6310679611650486,0.6310679611650486
I571,Nude woman 8,Person,5.372549019607843,1.4136643532019475,Positive,Positive,0.0784313725490196,0.16666666666666666,0.7549019607843137,0.7549019607843137,4.782178217821782,1.8471814225789496,High,High,0.25742574257425743,0.13861386138613863,0.6039603960396039,0.6039603960396039
I572,Nude woman 9,Person,5.205882352941177,1.69646245384602,Positive,Positive,0.14705882352941177,0.24509803921568626,0.6078431372549019,0.6078431372549019,4.762376237623762,1.8662717639801827,High,High,0.24752475247524752,0.09900990099009901,0.6534653465346535,0.6534653465346535
I573,Nude woman 10,Person,5.046296296296297,1.6932204523254113,Positive,Positive,0.14814814814814814,0.2222222222222222,0.6296296296296297,0.6296296296296297,5.173076923076923,1.464414841831661,High,High,0.1346153846153846,0.07692307692307693,0.7884615384615384,0.7884615384615384
I574,Nude woman 11,Person,5.185185185185185,1.5597037110683958,Positive,Positive,0.12037037037037036,0.21296296296296297,0.6666666666666666,0.6666666666666666,4.913461538461538,1.4819992854254327,High,High,0.16346153846153846,0.11538461538461539,0.7211538461538461,0.7211538461538461
I575,Nude woman 12,Person,5.207920792079208,1.3514202283758248,Positive,Positive,0.10891089108910891,0.21782178217821782,0.6732673267326733,0.6732673267326733,4.922330097087379,1.8078766680363965,High,High,0.1941747572815534,0.1650485436893204,0.6407766990291263,0.6407766990291263
I576,Nude woman 13,Person,5.296296296296297,1.5422962566134057,Positive,Positive,0.08333333333333333,0.25,0.6666666666666666,0.6666666666666666,5.259615384615385,1.539103208230773,High,High,0.11538461538461539,0.028846153846153848,0.8557692307692307,0.8557692307692307
I577,Nude woman 14,Person,5.088235294117647,1.3578006472063096,Positive,Positive,0.09803921568627451,0.21568627450980393,0.6862745098039216,0.6862745098039216,4.9504950495049505,1.7399783770137054,High,High,0.18811881188118812,0.1188118811881188,0.693069306930693,0.693069306930693
I578,Nude woman 15,Person,5.284313725490196,1.4649532887520977,Positive,Positive,0.058823529411764705,0.22549019607843138,0.7156862745098039,0.7156862745098039,5.376237623762377,1.8157724810587634,High,High,0.16831683168316833,0.07920792079207921,0.7524752475247525,0.7524752475247525
I579,Nude woman 16,Person,4.694444444444445,1.6881020329115917,Positive,Positive,0.23148148148148148,0.23148148148148148,0.5370370370370371,0.5370370370370371,5.451923076923077,1.4270603071485746,High,High,0.08653846153846154,0.057692307692307696,0.8557692307692307,0.8557692307692307
I580,Nude woman 17,Person,5.12962962962963,1.6971256216210038,Positive,Positive,0.12037037037037036,0.25925925925925924,0.6203703703703703,0.6203703703703703,5.211538461538462,1.5115932372868046,High,High,0.125,0.08653846153846154,0.7884615384615384,0.7884615384615384
I581,Nude woman 18,Person,4.9907407407407405,1.7157618420140939,Positive,Positive,0.19444444444444445,0.2222222222222222,0.5833333333333334,0.5833333333333334,5.403846153846154,1.458282210420117,High,High,0.11538461538461539,0.07692307692307693,0.8076923076923077,0.8076923076923077
I582,Nude woman 19,Person,4.911764705882353,1.5926995650418714,Positive,Positive,0.14705882352941177,0.22549019607843138,0.6274509803921569,0.6274509803921569,5.465346534653466,1.6035233483528923,High,High,0.12871287128712872,0.07920792079207921,0.7920792079207921,0.7920792079207921
I583,Nude woman 20,Person,4.892156862745098,1.9846283675612102,Positive,Positive,0.27450980392156865,0.14705882352941177,0.5784313725490197,0.5784313725490197,5.158415841584159,1.826103355603547,High,High,0.18811881188118812,0.1188118811881188,0.693069306930693,0.693069306930693
I584,Nude woman 21,Person,4.764705882352941,1.422426253726986,Positive,Positive,0.19607843137254902,0.23529411764705882,0.5686274509803921,0.5686274509803921,4.772277227722772,1.6963560246529141,High,High,0.19801980198019803,0.1485148514851485,0.6534653465346535,0.6534653465346535
I585,Nude woman 22,Person,4.75,1.8702041469855288,Positive,Positive,0.25925925925925924,0.23148148148148148,0.5092592592592593,0.5092592592592593,4.923076923076923,1.804483669755352,High,High,0.19230769230769232,0.09615384615384616,0.7115384615384616,0.7115384615384616
I586,Office supplies 1,Object,4.037037037037037,0.43073347410927054,Neutral,Neutral,0.037037037037037035,0.8981481481481481,0.06481481481481481,0.8981481481481481,1.8846153846153846,1.2718589125186994,Low,Low,0.7884615384615384,0.20192307692307693,0.009615384615384616,0.7884615384615384
I587,Office supplies 2,Object,4.089108910891089,0.5118400121325041,Neutral,Neutral,0.0594059405940594,0.8217821782178217,0.1188118811881188,0.8217821782178217,1.8446601941747574,1.2583624711863264,Low,Low,0.7864077669902912,0.20388349514563106,0.009708737864077669,0.7864077669902912
I588,Office supplies 3,Object,4.237623762376238,0.763524915788413,Neutral,Neutral,0.0594059405940594,0.7029702970297029,0.2376237623762376,0.7029702970297029,2.7184466019417477,1.6052455418320506,Low,Low,0.6213592233009708,0.2621359223300971,0.11650485436893204,0.6213592233009708
I589,Office supplies 4,Object,4.2772277227722775,0.7364619729651779,Neutral,Neutral,0.019801980198019802,0.7722772277227723,0.2079207920792079,0.7722772277227723,2.1470588235294117,1.4029463961837383,Low,Low,0.7745098039215687,0.17647058823529413,0.049019607843137254,0.7745098039215687
I590,Office supplies 5,Object,4.055555555555555,0.6388268063203988,Neutral,Neutral,0.07407407407407407,0.7870370370370371,0.1388888888888889,0.7870370370370371,1.8653846153846154,1.2926806069581442,Low,Low,0.8076923076923077,0.16346153846153846,0.028846153846153848,0.8076923076923077
I591,Opossum 1,Animal,3.284313725490196,1.2771987523784512,Negative,Negative,0.6372549019607843,0.19607843137254902,0.16666666666666666,0.6372549019607843,4.069306930693069,1.7902928572866186,Medium,High,0.33663366336633666,0.15841584158415842,0.504950495049505,0.504950495049505
I592,Orangutan 1,Animal,4.9411764705882355,1.2008538992573898,Positive,Positive,0.06862745098039216,0.24509803921568626,0.6862745098039216,0.6862745098039216,3.5742574257425743,1.6813478798479828,Medium,Low,0.44554455445544555,0.22772277227722773,0.32673267326732675,0.44554455445544555
I593,Ornament 1,Object,5.245098039215686,1.084875997931195,Positive,Positive,0.029411764705882353,0.23529411764705882,0.7352941176470589,0.7352941176470589,2.881188118811881,1.63271019297897,Low,Low,0.6138613861386139,0.18811881188118812,0.19801980198019803,0.6138613861386139
I594,Paintbrush 1,Object,4.064814814814815,0.8783283628857138,Neutral,Neutral,0.14814814814814814,0.6388888888888888,0.21296296296296297,0.6388888888888888,2.105769230769231,1.3788856428766822,Low,Low,0.75,0.20192307692307693,0.04807692307692308,0.75
I595,Paper 1,Object,4.158415841584159,0.48441043067478906,Neutral,Neutral,0.009900990099009901,0.8613861386138614,0.12871287128712872,0.8613861386138614,1.8640776699029127,1.4283443293968046,Low,Low,0.8058252427184466,0.1553398058252427,0.038834951456310676,0.8058252427184466
I596,Paper 2,Object,4.089108910891089,0.5118400121325041,Neutral,Neutral,0.039603960396039604,0.8712871287128713,0.0891089108910891,0.8712871287128713,1.9320388349514563,1.42980963988924,Low,Low,0.7766990291262136,0.17475728155339806,0.04854368932038835,0.7766990291262136
I597,Paper 3,Object,4.235294117647059,0.7335856680990318,Neutral,Neutral,0.029411764705882353,0.7941176470588235,0.17647058823529413,0.7941176470588235,1.8217821782178218,1.1949563975640316,Low,Low,0.8316831683168316,0.1485148514851485,0.019801980198019802,0.8316831683168316
I598,Paper 4,Object,4.089108910891089,0.4919148280137548,Neutral,Neutral,0.0297029702970297,0.8910891089108911,0.07920792079207921,0.8910891089108911,1.8737864077669903,1.4731559536366163,Low,Low,0.8155339805825242,0.13592233009708737,0.04854368932038835,0.8155339805825242
I599,Paper 5,Object,4.362745098039215,0.9522169617804891,Neutral,Neutral,0.0392156862745098,0.7058823529411765,0.2549019607843137,0.7058823529411765,2.257425742574257,1.3164609021656106,Low,Low,0.7326732673267327,0.2376237623762376,0.0297029702970297,0.7326732673267327
I600,Paperclips 1,Object,3.9901960784313726,0.4558768732331412,Neutral,Neutral,0.049019607843137254,0.9019607843137255,0.049019607843137254,0.9019607843137255,2.0,1.3416407864998738,Low,Low,0.7524752475247525,0.22772277227722773,0.019801980198019802,0.7524752475247525
I601,Paperclips 2,Object,4.578431372549019,0.8836947023303978,Positive,Neutral,0.0196078431372549,0.5784313725490197,0.4019607843137255,0.5784313725490197,2.3366336633663365,1.5051725995564247,Low,Low,0.693069306930693,0.2079207920792079,0.09900990099009901,0.693069306930693
I602,Paperclips 3,Object,4.049019607843137,0.4746536200406213,Neutral,Neutral,0.0196078431372549,0.9117647058823529,0.06862745098039216,0.9117647058823529,1.8415841584158417,1.2706901531634431,Low,Low,0.7920792079207921,0.18811881188118812,0.019801980198019802,0.7920792079207921
I603,Paperclips 4,Object,4.069306930693069,0.4951247467573047,Neutral,Neutral,0.06930693069306931,0.8118811881188119,0.1188118811881188,0.8118811881188119,2.0776699029126213,1.4258765476657942,Low,Low,0.7766990291262136,0.1650485436893204,0.05825242718446602,0.7766990291262136
I604,Parachuting 1,Scene,5.127450980392157,1.0309235370081744,Positive,Positive,0.0196078431372549,0.23529411764705882,0.7450980392156863,0.7450980392156863,4.544554455445544,1.5134381551635832,High,High,0.18811881188118812,0.2376237623762376,0.5742574257425742,0.5742574257425742
I605,Parachuting 2,Person,5.431372549019608,1.0484293195303458,Positive,Positive,0.0196078431372549,0.1568627450980392,0.8235294117647058,0.8235294117647058,4.336633663366337,1.6326495504104503,Medium,High,0.25742574257425743,0.13861386138613863,0.6039603960396039,0.6039603960396039
I606,Parachuting 3,Person,5.3861386138613865,1.2080587488173162,Positive,Positive,0.0594059405940594,0.1485148514851485,0.7920792079207921,0.7920792079207921,4.786407766990291,1.7469889246026091,High,High,0.1941747572815534,0.13592233009708737,0.6699029126213593,0.6699029126213593
I607,Parachuting 4,Person,4.803921568627451,1.152175863967991,Positive,Positive,0.10784313725490197,0.28431372549019607,0.6078431372549019,0.6078431372549019,5.207920792079208,1.5382901656265524,High,High,0.10891089108910891,0.13861386138613863,0.7524752475247525,0.7524752475247525
I608,Parade 1,Person,5.648148148148148,0.9982677970712246,Positive,Positive,0.009259259259259259,0.10185185185185185,0.8888888888888888,0.8888888888888888,3.480769230769231,1.5578225357930362,Low,Low,0.4230769230769231,0.28846153846153844,0.28846153846153844,0.4230769230769231
I609,Parasailing 1,Scene,5.6568627450980395,1.0195621079000814,Positive,Positive,0.0,0.1568627450980392,0.8431372549019608,0.8431372549019608,3.9603960396039604,1.6243201167208876,Medium,High,0.3465346534653465,0.16831683168316833,0.48514851485148514,0.48514851485148514
I610,Parasailing 2,Person,5.128712871287129,1.197191432784529,Positive,Positive,0.06930693069306931,0.19801980198019803,0.7326732673267327,0.7326732673267327,4.349514563106796,1.7473158006321519,Medium,High,0.2621359223300971,0.22330097087378642,0.5145631067961165,0.5145631067961165
I611,Parasailing 3,Scene,5.138613861386139,1.149171031398695,Positive,Positive,0.06930693069306931,0.1782178217821782,0.7524752475247525,0.7524752475247525,4.271844660194175,1.6579823242114728,Medium,High,0.23300970873786409,0.30097087378640774,0.46601941747572817,0.46601941747572817
I612,Parasailing 4,Scene,5.305555555555555,1.2564475461144693,Positive,Positive,0.037037037037037035,0.26851851851851855,0.6944444444444444,0.6944444444444444,4.201923076923077,1.775670570406548,Medium,High,0.2980769230769231,0.16346153846153846,0.5384615384615384,0.5384615384615384
I613,Party 1,Person,4.519607843137255,0.9198621523596983,Positive,Positive,0.08823529411764706,0.45098039215686275,0.46078431372549017,0.46078431372549017,2.9405940594059405,1.4270373658612996,Low,Low,0.5544554455445545,0.32673267326732675,0.1188118811881188,0.5544554455445545
I614,Path 1,Scene,4.813725490196078,1.0121087891753509,Positive,Positive,0.029411764705882353,0.4411764705882353,0.5294117647058824,0.5294117647058824,2.732673267326733,1.7022989696813593,Low,Low,0.6336633663366337,0.18811881188118812,0.1782178217821782,0.6336633663366337
I615,Penguins 1,Animal,5.663366336633663,0.9927459667283698,Positive,Positive,0.0,0.12871287128712872,0.8712871287128713,0.8712871287128713,3.7475728155339807,1.6192375753817814,Medium,Low,0.4174757281553398,0.24271844660194175,0.33980582524271846,0.4174757281553398
I616,Penguins 2,Animal,6.207920792079208,0.8754065533587045,Positive,Positive,0.0,0.019801980198019802,0.9801980198019802,0.9801980198019802,4.650485436893204,1.7360578391471488,High,High,0.2524271844660194,0.0970873786407767,0.6504854368932039,0.6504854368932039
I617,Performance 1,Scene,5.574257425742574,1.0894634886352579,Positive,Positive,0.019801980198019802,0.15841584158415842,0.8217821782178217,0.8217821782178217,3.8640776699029127,1.720969538013671,Medium,High,0.3592233009708738,0.22330097087378642,0.4174757281553398,0.4174757281553398
I618,Performance 2,Scene,4.703703703703703,1.2248155249940818,Positive,Positive,0.09259259259259259,0.4444444444444444,0.46296296296296297,0.46296296296296297,3.4903846153846154,1.8061125571462606,Low,Low,0.46153846153846156,0.23076923076923078,0.3076923076923077,0.46153846153846156
I619,Phone 1,Object,4.509803921568627,0.8294707609981233,Positive,Neutral,0.029411764705882353,0.5882352941176471,0.38235294117647056,0.5882352941176471,2.405940594059406,1.3941177699303755,Low,Low,0.693069306930693,0.27722772277227725,0.0297029702970297,0.693069306930693
I620,Picnic 1,Person,6.0594059405940595,1.0753769774197124,Positive,Positive,0.009900990099009901,0.0891089108910891,0.900990099009901,0.900990099009901,3.7281553398058254,1.7500373931987157,Medium,Medium,0.36893203883495146,0.2621359223300971,0.36893203883495146,0.2621359223300971
I621,Picnic 2,Person,5.907407407407407,1.054913178312032,Positive,Positive,0.018518518518518517,0.10185185185185185,0.8796296296296297,0.8796296296296297,3.4711538461538463,1.6660908888436958,Low,Low,0.5,0.17307692307692307,0.3269230769230769,0.5
I622,Picnic 3,Person,4.546296296296297,1.187034782531424,Positive,Positive,0.12037037037037036,0.4074074074074074,0.4722222222222222,0.4722222222222222,3.269230769230769,1.6676870165182314,Low,Low,0.5480769230769231,0.20192307692307693,0.25,0.5480769230769231
I623,Picnic 4,Person,5.02970297029703,1.053142398202204,Positive,Positive,0.06930693069306931,0.2376237623762376,0.693069306930693,0.693069306930693,3.2233009708737863,1.5141945301694648,Low,Low,0.5145631067961165,0.30097087378640774,0.18446601941747573,0.5145631067961165
I624,Pig 1,Animal,4.53921568627451,1.0778744083368639,Positive,Positive,0.09803921568627451,0.39215686274509803,0.5098039215686274,0.5098039215686274,3.2475247524752477,1.6149671240867993,Low,Low,0.5247524752475248,0.2376237623762376,0.2376237623762376,0.5247524752475248
I625,Pig 2,Animal,4.694444444444445,1.2858564427171715,Positive,Positive,0.1574074074074074,0.2962962962962963,0.5462962962962963,0.5462962962962963,3.201923076923077,1.759191162842586,Low,Low,0.5192307692307693,0.19230769230769232,0.28846153846153844,0.5192307692307693
I626,Pigeon 1,Animal,4.5588235294117645,1.0105731087624272,Positive,Neutral,0.0784313725490196,0.49019607843137253,0.43137254901960786,0.49019607843137253,2.4257425742574257,1.531969547043709,Low,Low,0.7029702970297029,0.18811881188118812,0.10891089108910891,0.7029702970297029
I627,Pigeon 2,Animal,4.53921568627451,0.9299373834711921,Positive,Neutral,0.058823529411764705,0.5098039215686274,0.43137254901960786,0.5098039215686274,2.277227722772277,1.3864978318135814,Low,Low,0.7128712871287128,0.2376237623762376,0.04950495049504951,0.7128712871287128
I628,Pigeon 3,Animal,4.627450980392157,1.061677811203102,Positive,Neutral,0.08823529411764706,0.4803921568627451,0.43137254901960786,0.4803921568627451,2.633663366336634,1.5147460003395137,Low,Low,0.6435643564356436,0.26732673267326734,0.0891089108910891,0.6435643564356436
I629,Pigeon 4,Animal,5.118811881188119,0.9724929687444666,Positive,Positive,0.009900990099009901,0.27722772277227725,0.7128712871287128,0.7128712871287128,3.2135922330097086,1.5188391170458095,Low,Low,0.5339805825242718,0.27184466019417475,0.1941747572815534,0.5339805825242718
I630,Pigeon 5,Animal,4.527777777777778,1.2489871285774024,Positive,Positive,0.14814814814814814,0.4166666666666667,0.4351851851851852,0.4351851851851852,2.5096153846153846,1.5200612679763248,Low,Low,0.6538461538461539,0.25,0.09615384615384616,0.6538461538461539
I631,Pigeon 6,Animal,2.324074074074074,1.1007958353379004,Negative,Negative,0.8518518518518519,0.12037037037037036,0.027777777777777776,0.8518518518518519,3.8173076923076925,2.013374808126521,Medium,High,0.3942307692307692,0.17307692307692307,0.4326923076923077,0.4326923076923077
I632,Pinecone 1,Object,4.637254901960785,0.8764150163685736,Positive,Neutral,0.0196078431372549,0.5196078431372549,0.46078431372549017,0.5196078431372549,2.0693069306930694,1.4089529853233163,Low,Low,0.7425742574257426,0.19801980198019803,0.0594059405940594,0.7425742574257426
I633,Pinecone 2,Object,4.421568627450981,0.9691915024962655,Neutral,Neutral,0.058823529411764705,0.6176470588235294,0.3235294117647059,0.6176470588235294,2.128712871287129,1.397593405369628,Low,Low,0.7623762376237624,0.15841584158415842,0.07920792079207921,0.7623762376237624
I634,Pinecone 3,Object,5.203703703703703,1.0744201588499553,Positive,Positive,0.0,0.3333333333333333,0.6666666666666666,0.6666666666666666,2.423076923076923,1.5371914099807467,Low,Low,0.6923076923076923,0.17307692307692307,0.1346153846153846,0.6923076923076923
I635,Pinecone 4,Object,4.549019607843137,0.9505334716883171,Positive,Neutral,0.049019607843137254,0.5490196078431373,0.4019607843137255,0.5490196078431373,2.3465346534653464,1.4794299142869625,Low,Low,0.6732673267326733,0.24752475247524752,0.07920792079207921,0.6732673267326733
I636,Plane crash 1,Object,2.5980392156862746,1.3220131956739358,Negative,Negative,0.7352941176470589,0.18627450980392157,0.0784313725490196,0.7352941176470589,4.00990099009901,1.705843190360418,Medium,High,0.33663366336633666,0.19801980198019803,0.46534653465346537,0.46534653465346537
I637,Plane crash 2,Scene,2.8137254901960786,1.1918069495880577,Negative,Negative,0.696078431372549,0.24509803921568626,0.058823529411764705,0.696078431372549,3.871287128712871,1.6832312160641132,Medium,High,0.37623762376237624,0.21782178217821782,0.40594059405940597,0.40594059405940597
I638,Plane crash 3,Scene,2.235294117647059,1.0452766992451603,Negative,Negative,0.8823529411764706,0.10784313725490197,0.00980392156862745,0.8823529411764706,4.128712871287129,1.820238260979225,Medium,High,0.2871287128712871,0.21782178217821782,0.49504950495049505,0.49504950495049505
I639,Plane crash 4,Object,2.0495049504950495,1.0428445485666824,Negative,Negative,0.9207920792079208,0.0594059405940594,0.019801980198019802,0.9207920792079208,4.106796116504855,1.9195210869177828,Medium,High,0.3786407766990291,0.1553398058252427,0.46601941747572817,0.46601941747572817
I640,Police 1,Person,2.588235294117647,1.1288559105841647,Negative,Negative,0.8235294117647058,0.14705882352941177,0.029411764705882353,0.8235294117647058,4.2772277227722775,1.6977562362199594,Medium,High,0.297029702970297,0.18811881188118812,0.5148514851485149,0.5148514851485149
I641,Police 2,Person,2.388888888888889,1.259233807492264,Negative,Negative,0.8425925925925926,0.08333333333333333,0.07407407407407407,0.8425925925925926,4.5673076923076925,1.7557916538105367,High,High,0.21153846153846154,0.16346153846153846,0.625,0.625
I642,Police 3,Person,4.287037037037037,1.2155605293380485,Neutral,Neutral,0.16666666666666666,0.5,0.3333333333333333,0.5,3.394230769230769,1.686141509170264,Low,Low,0.4326923076923077,0.2692307692307692,0.2980769230769231,0.4326923076923077
I643,Police 4,Person,3.284313725490196,1.3078396590825467,Negative,Negative,0.5392156862745098,0.3137254901960784,0.14705882352941177,0.5392156862745098,3.772277227722772,1.702240806224618,Medium,High,0.39603960396039606,0.16831683168316833,0.43564356435643564,0.43564356435643564
I644,Police 5,Person,2.4313725490196076,1.238889665146699,Negative,Negative,0.8725490196078431,0.08823529411764706,0.0392156862745098,0.8725490196078431,4.03960396039604,1.771557462117489,Medium,High,0.31683168316831684,0.18811881188118812,0.49504950495049505,0.49504950495049505
I645,Pollution 1,Scene,2.4752475247524752,1.3311202756020253,Negative,Negative,0.7821782178217822,0.1485148514851485,0.06930693069306931,0.7821782178217822,3.621359223300971,1.853012940572408,Medium,Low,0.44660194174757284,0.17475728155339806,0.3786407766990291,0.44660194174757284
I646,Power lines 1,Scene,3.9705882352941178,1.1120926875053156,Neutral,Neutral,0.27450980392156865,0.47058823529411764,0.2549019607843137,0.47058823529411764,2.6732673267326734,1.4078985111938225,Low,Low,0.6534653465346535,0.24752475247524752,0.09900990099009901,0.6534653465346535
I647,Present 1,Object,5.509803921568627,1.1322902230839051,Positive,Positive,0.0196078431372549,0.17647058823529413,0.803921568627451,0.803921568627451,2.98019801980198,1.7261529365603847,Low,Low,0.5445544554455446,0.19801980198019803,0.25742574257425743,0.5445544554455446
I648,Present 2,Object,5.490196078431373,1.0693302987876387,Positive,Positive,0.00980392156862745,0.18627450980392157,0.803921568627451,0.803921568627451,3.089108910891089,1.673911645822384,Low,Low,0.5445544554455446,0.22772277227722773,0.22772277227722773,0.5445544554455446
I649,Prison 1,Scene,4.029411764705882,1.2304380798622385,Neutral,Neutral,0.18627450980392157,0.5392156862745098,0.27450980392156865,0.5392156862745098,2.762376237623762,1.5630004149166765,Low,Low,0.6237623762376238,0.21782178217821782,0.15841584158415842,0.6237623762376238
I650,Prison 2,Object,2.6203703703703702,1.1817743082963827,Negative,Negative,0.7777777777777778,0.17592592592592593,0.046296296296296294,0.7777777777777778,3.1826923076923075,1.682372475739163,Low,Low,0.5096153846153846,0.25,0.2403846153846154,0.5096153846153846
I651,Pumpkin 1,Object,4.852941176470588,1.0661029135351368,Positive,Positive,0.00980392156862745,0.47058823529411764,0.5196078431372549,0.5196078431372549,2.3069306930693068,1.3981600355998287,Low,Low,0.7128712871287128,0.21782178217821782,0.06930693069306931,0.7128712871287128
I652,Raccoon 1,Animal,3.603960396039604,1.2967590980655743,Neutral,Negative,0.5346534653465347,0.22772277227722773,0.2376237623762376,0.5346534653465347,4.116504854368932,1.5984120237051596,Medium,High,0.3106796116504854,0.1941747572815534,0.49514563106796117,0.49514563106796117
I653,Rafting 1,Person,4.583333333333333,1.3950848297659144,Positive,Positive,0.25,0.2037037037037037,0.5462962962962963,0.5462962962962963,4.365384615384615,1.8384126347703733,Medium,High,0.25961538461538464,0.14423076923076922,0.5961538461538461,0.5961538461538461
I654,Rafting 2,Person,4.823529411764706,1.1891569915749272,Positive,Positive,0.14705882352941177,0.24509803921568626,0.6078431372549019,0.6078431372549019,4.821782178217822,1.757248073573907,High,High,0.18811881188118812,0.13861386138613863,0.6732673267326733,0.6732673267326733
I655,Rafting 3,Person,5.098039215686274,1.1214365250137976,Positive,Positive,0.058823529411764705,0.24509803921568626,0.696078431372549,0.696078431372549,4.227722772277228,1.6666204614057267,Medium,High,0.297029702970297,0.1188118811881188,0.5841584158415841,0.5841584158415841
I656,Rafting 4,Person,5.583333333333333,1.0150733134979468,Positive,Positive,0.018518518518518517,0.12037037037037036,0.8611111111111112,0.8611111111111112,4.048076923076923,1.7144718550032274,Medium,High,0.28846153846153844,0.22115384615384615,0.49038461538461536,0.49038461538461536
I657,Rafting 5,Person,5.186274509803922,0.9305634634681488,Positive,Positive,0.0196078431372549,0.19607843137254902,0.7843137254901961,0.7843137254901961,4.8316831683168315,1.530158860580777,High,High,0.12871287128712872,0.21782178217821782,0.6534653465346535,0.6534653465346535
I658,Rafting 6,Person,4.9907407407407405,1.0808042209078186,Positive,Positive,0.05555555555555555,0.2962962962962963,0.6481481481481481,0.6481481481481481,4.115384615384615,1.650582082132877,Medium,High,0.3173076923076923,0.23076923076923078,0.4519230769230769,0.4519230769230769
I659,Railroad 1,Scene,4.264705882352941,1.1162744843986674,Neutral,Neutral,0.18627450980392157,0.5196078431372549,0.29411764705882354,0.5196078431372549,2.9504950495049505,1.5898190942604908,Low,Low,0.6237623762376238,0.19801980198019803,0.1782178217821782,0.6237623762376238
I660,Rainbow 1,Scene,6.231481481481482,0.9916141988092081,Positive,Positive,0.018518518518518517,0.046296296296296294,0.9351851851851852,0.9351851851851852,4.0576923076923075,1.7890004969794393,Medium,High,0.3269230769230769,0.15384615384615385,0.5192307692307693,0.5192307692307693
I661,Rainbow 2,Scene,6.257425742574258,0.9555466011297894,Positive,Positive,0.009900990099009901,0.039603960396039604,0.9504950495049505,0.9504950495049505,4.902912621359223,1.7007182053058487,High,High,0.18446601941747573,0.14563106796116504,0.6699029126213593,0.6699029126213593
I662,Research 1,Scene,4.485148514851486,1.375600678875513,Neutral,Neutral,0.18811881188118812,0.40594059405940597,0.40594059405940597,0.40594059405940597,4.378640776699029,1.853012940572408,Medium,High,0.2621359223300971,0.1941747572815534,0.5436893203883495,0.5436893203883495
I663,Road 1,Scene,5.0588235294117645,1.1674083118470582,Positive,Positive,0.058823529411764705,0.29411764705882354,0.6470588235294118,0.6470588235294118,3.376237623762376,1.5417618827076693,Low,Low,0.49504950495049505,0.19801980198019803,0.3069306930693069,0.49504950495049505
I664,Rock climbing 1,Person,4.53921568627451,1.0593437967683128,Positive,Positive,0.13725490196078433,0.37254901960784315,0.49019607843137253,0.49019607843137253,4.257425742574258,1.5339717425463526,Medium,High,0.26732673267326734,0.21782178217821782,0.5148514851485149,0.5148514851485149
I665,Rock climbing 2,Person,4.676470588235294,1.026015697734528,Positive,Positive,0.10784313725490197,0.3235294117647059,0.5686274509803921,0.5686274509803921,4.643564356435643,1.520422036250735,High,High,0.16831683168316833,0.1782178217821782,0.6534653465346535,0.6534653465346535
I666,Rock climbing 3,Person,4.549019607843137,1.1742067132972456,Positive,Positive,0.12745098039215685,0.3333333333333333,0.5392156862745098,0.5392156862745098,4.465346534653466,1.6587004336868278,Medium,High,0.24752475247524752,0.10891089108910891,0.6435643564356436,0.6435643564356436
I667,Rock climbing 4,Person,4.2407407407407405,1.324608003170371,Neutral,Positive,0.28703703703703703,0.26851851851851855,0.4444444444444444,0.4444444444444444,4.230769230769231,1.807378454631836,Medium,High,0.3076923076923077,0.16346153846153846,0.5288461538461539,0.5288461538461539
I668,Rocks 1,Object,4.676470588235294,0.9560828157704394,Positive,Neutral,0.0196078431372549,0.5294117647058824,0.45098039215686275,0.5294117647058824,2.4158415841584158,1.4850409201949506,Low,Low,0.693069306930693,0.2079207920792079,0.09900990099009901,0.693069306930693
I669,Rocks 2,Object,4.306930693069307,0.7313354122073639,Neutral,Neutral,0.039603960396039604,0.693069306930693,0.26732673267326734,0.693069306930693,2.1067961165048543,1.3996681774776456,Low,Low,0.7572815533980582,0.18446601941747573,0.05825242718446602,0.7572815533980582
I670,Rocks 3,Object,4.313725490196078,0.6745793284951189,Neutral,Neutral,0.0,0.7843137254901961,0.21568627450980393,0.7843137254901961,2.198019801980198,1.3566119709054467,Low,Low,0.7128712871287128,0.25742574257425743,0.0297029702970297,0.7128712871287128
I671,Rocks 4,Object,4.519607843137255,0.9516051281586687,Positive,Neutral,0.0196078431372549,0.6176470588235294,0.3627450980392157,0.6176470588235294,2.1782178217821784,1.4099364496597737,Low,Low,0.7623762376237624,0.1782178217821782,0.0594059405940594,0.7623762376237624
I672,Rocks 5,Object,4.480392156862745,0.8411495217603575,Neutral,Neutral,0.00980392156862745,0.6862745098039216,0.30392156862745096,0.6862745098039216,2.1683168316831685,1.3716362996851101,Low,Low,0.7425742574257426,0.21782178217821782,0.039603960396039604,0.7425742574257426
I673,Rocks 6,Object,4.205882352941177,0.6942227692526832,Neutral,Neutral,0.0196078431372549,0.8333333333333334,0.14705882352941177,0.8333333333333334,1.8514851485148516,1.244075066978367,Low,Low,0.7920792079207921,0.19801980198019803,0.009900990099009901,0.7920792079207921
I674,Rocks 7,Object,4.313725490196078,0.7033215700012089,Neutral,Neutral,0.00980392156862745,0.7450980392156863,0.24509803921568626,0.7450980392156863,1.9207920792079207,1.2781484132668763,Low,Low,0.7821782178217822,0.18811881188118812,0.0297029702970297,0.7821782178217822
I675,Rollercoaster 1,Scene,5.445544554455446,1.2039538822127074,Positive,Positive,0.0594059405940594,0.10891089108910891,0.8316831683168316,0.8316831683168316,4.70873786407767,1.5819513140494699,High,High,0.20388349514563106,0.10679611650485436,0.6893203883495146,0.6893203883495146
I676,Rollercoaster 2,Scene,5.372549019607843,1.2180293175311365,Positive,Positive,0.058823529411764705,0.13725490196078433,0.803921568627451,0.803921568627451,5.118811881188119,1.4232858371590107,High,High,0.09900990099009901,0.13861386138613863,0.7623762376237624,0.7623762376237624
I677,Rollercoaster 3,Scene,5.108910891089109,1.1216148189018358,Positive,Positive,0.0594059405940594,0.18811881188118812,0.7524752475247525,0.7524752475247525,4.398058252427185,1.7620164797767244,Medium,High,0.2524271844660194,0.1553398058252427,0.5922330097087378,0.5922330097087378
I678,Roofing 1,Object,4.01980198019802,0.42379707454870386,Neutral,Neutral,0.06930693069306931,0.8514851485148515,0.07920792079207921,0.8514851485148515,2.0097087378640777,1.3394112375795098,Low,Low,0.7864077669902912,0.18446601941747573,0.02912621359223301,0.7864077669902912
I679,Roofing 2,Object,4.0594059405940595,0.34122667475500273,Neutral,Neutral,0.019801980198019802,0.9108910891089109,0.06930693069306931,0.9108910891089109,2.1262135922330097,1.398035117307575,Low,Low,0.7864077669902912,0.18446601941747573,0.02912621359223301,0.7864077669902912
I680,Roofing 3,Object,3.925925925925926,0.6369275506226162,Neutral,Neutral,0.1574074074074074,0.75,0.09259259259259259,0.75,2.076923076923077,1.3913205830789606,Low,Low,0.7403846153846154,0.21153846153846154,0.04807692307692308,0.7403846153846154
I681,Roofing 4,Object,3.5686274509803924,0.9493072400812426,Neutral,Neutral,0.4117647058823529,0.5098039215686274,0.0784313725490196,0.5098039215686274,2.3465346534653464,1.3223890771203188,Low,Low,0.7227722772277227,0.24752475247524752,0.0297029702970297,0.7227722772277227
I682,Roofing 5,Object,4.0495049504950495,0.3840895110195637,Neutral,Neutral,0.039603960396039604,0.8811881188118812,0.07920792079207921,0.8811881188118812,1.9223300970873787,1.38400753984933,Low,Low,0.8058252427184466,0.17475728155339806,0.019417475728155338,0.8058252427184466
I683,Rooster 1,Animal,4.323529411764706,1.1702734275228108,Neutral,Positive,0.2549019607843137,0.3333333333333333,0.4117647058823529,0.4117647058823529,3.4554455445544554,1.5844541803109833,Low,Low,0.4752475247524752,0.21782178217821782,0.3069306930693069,0.4752475247524752
I684,Rubber duck 1,Object,5.411764705882353,1.0469469160748435,Positive,Positive,0.029411764705882353,0.14705882352941177,0.8235294117647058,0.8235294117647058,3.762376237623762,1.8716223703059607,Medium,High,0.40594059405940597,0.16831683168316833,0.42574257425742573,0.42574257425742573
I685,Rugby 1,Person,4.222222222222222,1.0531069593886333,Neutral,Neutral,0.18518518518518517,0.49074074074074076,0.32407407407407407,0.49074074074074076,3.980769230769231,1.7403312330121128,Medium,High,0.3269230769230769,0.21153846153846154,0.46153846153846156,0.46153846153846156
I686,Rugby 2,Person,5.352941176470588,1.0497247052925698,Positive,Positive,0.00980392156862745,0.21568627450980393,0.7745098039215687,0.7745098039215687,3.0693069306930694,1.5890715889636582,Low,Low,0.5544554455445545,0.2871287128712871,0.15841584158415842,0.5544554455445545
I687,Running away 1,Person,4.578431372549019,1.2140781003944943,Positive,Positive,0.12745098039215685,0.4117647058823529,0.46078431372549017,0.46078431372549017,3.5643564356435644,1.5454180119576606,Medium,Low,0.43564356435643564,0.25742574257425743,0.3069306930693069,0.43564356435643564
I688,Sad face 1,Person,2.6862745098039214,1.0338852240802843,Negative,Negative,0.8823529411764706,0.058823529411764705,0.058823529411764705,0.8823529411764706,4.336633663366337,1.8015394956690363,Medium,High,0.31683168316831684,0.10891089108910891,0.5742574257425742,0.5742574257425742
I689,Sad face 2,Person,3.0495049504950495,1.052390019182645,Negative,Negative,0.7821782178217822,0.12871287128712872,0.0891089108910891,0.7821782178217822,4.271844660194175,1.8267842460223167,Medium,High,0.2912621359223301,0.1553398058252427,0.5533980582524272,0.5533980582524272
I690,Sad face 3,Person,3.1386138613861387,0.7877779251831957,Negative,Negative,0.693069306930693,0.2871287128712871,0.019801980198019802,0.693069306930693,3.4271844660194173,1.8555795128163548,Low,Low,0.49514563106796117,0.1650485436893204,0.33980582524271846,0.49514563106796117
I691,Sad face 4,Person,3.4705882352941178,0.9195983018100373,Negative,Neutral,0.45098039215686275,0.49019607843137253,0.058823529411764705,0.49019607843137253,2.891089108910891,1.3992926077058359,Low,Low,0.6534653465346535,0.22772277227722773,0.1188118811881188,0.6534653465346535
I692,Sad face 5,Person,4.333333333333333,1.1717240689383202,Neutral,Neutral,0.19607843137254902,0.4411764705882353,0.3627450980392157,0.4411764705882353,3.108910891089109,1.535584514763091,Low,Low,0.5247524752475248,0.27722772277227725,0.19801980198019803,0.5247524752475248
I693,Sad face 6,Person,3.6435643564356437,1.261619264404611,Neutral,Negative,0.5346534653465347,0.22772277227722773,0.2376237623762376,0.5346534653465347,3.764705882352941,1.7920422035133479,Medium,Medium,0.43137254901960786,0.13725490196078433,0.43137254901960786,0.13725490196078433
I694,Sad face 7,Person,3.1386138613861387,1.0865514527190787,Negative,Negative,0.6831683168316832,0.2376237623762376,0.07920792079207921,0.6831683168316832,3.796116504854369,1.7055803641137552,Medium,High,0.34951456310679613,0.21359223300970873,0.4368932038834951,0.4368932038834951
I695,Sad face 8,Person,2.6296296296296298,1.156797000685999,Negative,Negative,0.8518518518518519,0.08333333333333333,0.06481481481481481,0.8518518518518519,4.163461538461538,1.9859241419388292,Medium,High,0.34615384615384615,0.1346153846153846,0.5192307692307693,0.5192307692307693
I696,Sad face 9,Person,2.314814814814815,0.9032459445876212,Negative,Negative,0.9537037037037037,0.037037037037037035,0.009259259259259259,0.9537037037037037,4.259615384615385,1.8380825398905067,Medium,High,0.28846153846153844,0.15384615384615385,0.5576923076923077,0.5576923076923077
I697,Sad pose 1,Person,2.8823529411764706,1.017608511226187,Negative,Negative,0.8333333333333334,0.13725490196078433,0.029411764705882353,0.8333333333333334,3.6732673267326734,1.4360286270899276,Medium,Low,0.38613861386138615,0.3069306930693069,0.3069306930693069,0.38613861386138615
I698,Sad pose 2,Person,3.5980392156862746,0.9876445017379685,Neutral,Neutral,0.4019607843137255,0.49019607843137253,0.10784313725490197,0.49019607843137253,3.287128712871287,1.518793163425266,Low,Low,0.45544554455445546,0.27722772277227725,0.26732673267326734,0.45544554455445546
I699,Sad pose 3,Person,2.8703703703703702,0.9867589976725382,Negative,Negative,0.7962962962962963,0.14814814814814814,0.05555555555555555,0.7962962962962963,3.7403846153846154,1.7570672404686183,Medium,Low,0.4230769230769231,0.20192307692307693,0.375,0.4230769230769231
I700,Sad pose 4,Person,2.8425925925925926,0.9779058020594963,Negative,Negative,0.7407407407407407,0.25,0.009259259259259259,0.7407407407407407,3.3173076923076925,1.5719904090527546,Low,Low,0.4519230769230769,0.28846153846153844,0.25961538461538464,0.4519230769230769
I701,Sad pose 5,Person,3.1176470588235294,0.9470550251879973,Negative,Negative,0.7156862745098039,0.22549019607843138,0.058823529411764705,0.7156862745098039,3.3564356435643563,1.5465067631009026,Low,Low,0.5445544554455446,0.18811881188118812,0.26732673267326734,0.5445544554455446
I702,Sad pose 6,Person,3.3168316831683167,1.009264019662912,Negative,Negative,0.6336633663366337,0.24752475247524752,0.1188118811881188,0.6336633663366337,3.1941747572815533,1.6980857297648633,Low,Low,0.5145631067961165,0.22330097087378642,0.2621359223300971,0.5145631067961165
I703,Sad pose 7,Person,2.740740740740741,1.2779245028405215,Negative,Negative,0.7314814814814815,0.17592592592592593,0.09259259259259259,0.7314814814814815,3.673076923076923,1.7204780758729163,Medium,Low,0.3942307692307692,0.25961538461538464,0.34615384615384615,0.3942307692307692
I704,Sailing 1,Scene,4.594059405940594,1.218016566568634,Positive,Positive,0.2079207920792079,0.2376237623762376,0.5544554455445545,0.5544554455445545,4.456310679611651,1.6790327457662688,Medium,High,0.21359223300970873,0.20388349514563106,0.5825242718446602,0.5825242718446602
I705,Sailing 2,Scene,5.303921568627451,1.0224143013908815,Positive,Positive,0.0196078431372549,0.17647058823529413,0.803921568627451,0.803921568627451,4.564356435643564,1.4381643966122817,High,High,0.1485148514851485,0.22772277227722773,0.6237623762376238,0.6237623762376238
I706,Sailing 3,Scene,5.450980392156863,1.0495397480705733,Positive,Positive,0.00980392156862745,0.19607843137254902,0.7941176470588235,0.7941176470588235,3.623762376237624,1.6361631040242584,Medium,Low,0.45544554455445546,0.18811881188118812,0.3564356435643564,0.45544554455445546
I707,Satellite 1,Object,5.068627450980392,1.2126381021408388,Positive,Positive,0.029411764705882353,0.37254901960784315,0.5980392156862745,0.5980392156862745,3.8316831683168315,1.7092062890750963,Medium,High,0.36633663366336633,0.25742574257425743,0.37623762376237624,0.37623762376237624
I708,Scared cat 1,Animal,4.607843137254902,1.401250239099426,Positive,Positive,0.22549019607843138,0.21568627450980393,0.5588235294117647,0.5588235294117647,4.544554455445544,1.565405714025904,High,High,0.2079207920792079,0.13861386138613863,0.6534653465346535,0.6534653465346535
I709,Scared face 1,Person,3.891089108910891,0.7470072302061059,Neutral,Neutral,0.24752475247524752,0.5742574257425742,0.1782178217821782,0.5742574257425742,3.203883495145631,1.6940450679293921,Low,Low,0.49514563106796117,0.2524271844660194,0.2524271844660194,0.49514563106796117
I710,Scared face 2,Person,3.7745098039215685,1.0138336491849949,Neutral,Neutral,0.3627450980392157,0.5,0.13725490196078433,0.5,3.198019801980198,1.618763738043313,Low,Low,0.5445544554455446,0.24752475247524752,0.2079207920792079,0.5445544554455446
I711,Scared face 3,Person,3.0462962962962963,1.2925686898304785,Negative,Negative,0.6944444444444444,0.1574074074074074,0.14814814814814814,0.6944444444444444,4.115384615384615,1.7365722978846672,Medium,High,0.3076923076923077,0.19230769230769232,0.5,0.5
I712,Scared face 4,Person,2.9702970297029703,0.9105541778999693,Negative,Negative,0.7623762376237624,0.2079207920792079,0.0297029702970297,0.7623762376237624,3.4854368932038833,1.9141581760500548,Low,Low,0.4854368932038835,0.17475728155339806,0.33980582524271846,0.4854368932038835
I713,Scared face 5,Person,3.0297029702970297,1.0045441308828045,Negative,Negative,0.7029702970297029,0.22772277227722773,0.06930693069306931,0.7029702970297029,3.6990291262135924,1.8568102073723556,Medium,Low,0.44660194174757284,0.17475728155339806,0.3786407766990291,0.44660194174757284
I714,Scary face 1,Person,1.7777777777777777,0.9890364737548588,Negative,Negative,0.9259259259259259,0.05555555555555555,0.018518518518518517,0.9259259259259259,4.519230769230769,2.1360555664873826,High,High,0.2980769230769231,0.09615384615384616,0.6057692307692307,0.6057692307692307
I715,Scary face 2,Person,3.0396039603960396,1.1128413371115213,Negative,Negative,0.7029702970297029,0.21782178217821782,0.07920792079207921,0.7029702970297029,3.9611650485436893,1.888677979886353,Medium,High,0.39805825242718446,0.11650485436893204,0.4854368932038835,0.4854368932038835
I716,School 1,Person,5.147058823529412,1.1292427921550998,Positive,Positive,0.049019607843137254,0.19607843137254902,0.7549019607843137,0.7549019607843137,3.1485148514851486,1.3812033783180622,Low,Low,0.5445544554455446,0.31683168316831684,0.13861386138613863,0.5445544554455446
I717,School 2,Person,5.833333333333333,1.0631853254741763,Positive,Positive,0.00980392156862745,0.09803921568627451,0.8921568627450981,0.8921568627450981,3.9603960396039604,1.690685021399361,Medium,High,0.33663366336633666,0.2376237623762376,0.42574257425742573,0.42574257425742573
I718,School 3,Person,5.089108910891089,1.0963485750525706,Positive,Positive,0.04950495049504951,0.25742574257425743,0.693069306930693,0.693069306930693,3.3980582524271843,1.7226279845178338,Low,Low,0.44660194174757284,0.27184466019417475,0.2815533980582524,0.44660194174757284
I719,School 4,Person,4.564814814814815,1.1622822227780767,Positive,Positive,0.1388888888888889,0.3333333333333333,0.5277777777777778,0.5277777777777778,3.3173076923076925,1.6086201231250274,Low,Low,0.47115384615384615,0.27884615384615385,0.25,0.47115384615384615
I720,School 5,Person,4.53921568627451,1.0404832143554574,Positive,Neutral,0.06862745098039216,0.4803921568627451,0.45098039215686275,0.4803921568627451,2.633663366336634,1.3017125049505187,Low,Low,0.6831683168316832,0.24752475247524752,0.06930693069306931,0.6831683168316832
I721,School 6,Person,5.607843137254902,1.1531863970059502,Positive,Positive,0.0196078431372549,0.16666666666666666,0.8137254901960784,0.8137254901960784,3.099009900990099,1.4866401749922507,Low,Low,0.5346534653465347,0.3069306930693069,0.15841584158415842,0.5346534653465347
I722,School 7,Person,5.647058823529412,1.095870365459196,Positive,Positive,0.0196078431372549,0.14705882352941177,0.8333333333333334,0.8333333333333334,3.19,1.57438459999038,Low,Low,0.49,0.3,0.21,0.49
I723,School 8,Person,5.287128712871287,0.983225647177354,Positive,Positive,0.009900990099009901,0.21782178217821782,0.7722772277227723,0.7722772277227723,3.3398058252427183,1.537462883711104,Low,Low,0.44660194174757284,0.30097087378640774,0.2524271844660194,0.44660194174757284
I724,Seal 1,Animal,4.637254901960785,1.1326759316171777,Positive,Positive,0.16666666666666666,0.3137254901960784,0.5196078431372549,0.5196078431372549,3.891089108910891,1.5290584691175801,Medium,High,0.3069306930693069,0.297029702970297,0.39603960396039606,0.39603960396039606
I725,Severed finger 1,Person,1.6732673267326732,0.906740435748722,Negative,Negative,0.9603960396039604,0.009900990099009901,0.0297029702970297,0.9603960396039604,4.368932038834951,2.3304896870852074,Medium,High,0.3592233009708738,0.04854368932038835,0.5922330097087378,0.5922330097087378
I726,Shark 1,Animal,3.759259259259259,1.4589099142044146,Neutral,Negative,0.4537037037037037,0.2777777777777778,0.26851851851851855,0.4537037037037037,4.115384615384615,1.8185008885625444,Medium,High,0.3173076923076923,0.17307692307692307,0.5096153846153846,0.5096153846153846
I727,Shark 2,Animal,3.656862745098039,1.4791963167040423,Neutral,Negative,0.4803921568627451,0.2647058823529412,0.2549019607843137,0.4803921568627451,4.564356435643564,1.564709823476279,High,High,0.19801980198019803,0.18811881188118812,0.6138613861386139,0.6138613861386139
I728,Shark 3,Animal,3.8118811881188117,1.2223982271512726,Neutral,Negative,0.43564356435643564,0.26732673267326734,0.297029702970297,0.43564356435643564,4.339805825242719,1.6422927425165699,Medium,High,0.27184466019417475,0.1941747572815534,0.5339805825242718,0.5339805825242718
I729,Shark 4,Animal,3.0792079207920793,1.1196710973927269,Negative,Negative,0.7029702970297029,0.18811881188118812,0.10891089108910891,0.7029702970297029,4.611650485436893,1.816228637830935,High,High,0.2621359223300971,0.11650485436893204,0.6213592233009708,0.6213592233009708
I730,Shark 5,Animal,3.5980392156862746,1.4299470593369215,Neutral,Negative,0.46078431372549017,0.3235294117647059,0.21568627450980393,0.46078431372549017,4.445544554455446,1.6880476742364385,Medium,High,0.2376237623762376,0.1485148514851485,0.6138613861386139,0.6138613861386139
I731,Shark 6,Animal,3.8981481481481484,1.426975199797691,Neutral,Negative,0.3611111111111111,0.3148148148148148,0.32407407407407407,0.3611111111111111,3.9423076923076925,1.7394727639831795,Medium,High,0.3557692307692308,0.19230769230769232,0.4519230769230769,0.4519230769230769
I732,Shark 7,Animal,3.8118811881188117,1.1892255571347994,Neutral,Negative,0.4158415841584158,0.297029702970297,0.2871287128712871,0.4158415841584158,4.281553398058253,1.659302214127061,Medium,High,0.2912621359223301,0.1650485436893204,0.5436893203883495,0.5436893203883495
I733,Shark 8,Animal,4.068627450980392,1.276286413132998,Neutral,Positive,0.3235294117647059,0.29411764705882354,0.38235294117647056,0.38235294117647056,4.445544554455446,1.723225159546787,Medium,High,0.26732673267326734,0.1485148514851485,0.5841584158415841,0.5841584158415841
I734,Shark 9,Animal,3.8823529411764706,1.3445461352600547,Neutral,Negative,0.37254901960784315,0.30392156862745096,0.3235294117647059,0.37254901960784315,4.435643564356436,1.774349692615063,Medium,High,0.27722772277227725,0.12871287128712872,0.594059405940594,0.594059405940594
I735,Shark 10,Animal,3.237623762376238,1.1502044587940454,Negative,Negative,0.6138613861386139,0.25742574257425743,0.12871287128712872,0.6138613861386139,4.466019417475728,1.6198252991045872,Medium,High,0.2524271844660194,0.14563106796116504,0.6019417475728155,0.6019417475728155
I736,Shark 11,Animal,3.712871287128713,1.1343423968393875,Neutral,Negative,0.4752475247524752,0.26732673267326734,0.25742574257425743,0.4752475247524752,4.359223300970874,1.6261006464524015,Medium,High,0.24271844660194175,0.22330097087378642,0.5339805825242718,0.5339805825242718
I737,Shooting 1,Person,3.343137254901961,1.3965664971545637,Negative,Negative,0.5490196078431373,0.3137254901960784,0.13725490196078433,0.5490196078431373,4.425742574257426,1.6452752636167927,Medium,High,0.26732673267326734,0.18811881188118812,0.5445544554455446,0.5445544554455446
I738,Shot 1,Object,2.764705882352941,1.187196302703632,Negative,Negative,0.696078431372549,0.2647058823529412,0.0392156862745098,0.696078431372549,4.217821782178218,1.8199118681740587,Medium,High,0.297029702970297,0.1188118811881188,0.5841584158415841,0.5841584158415841
I739,Shot 2,Person,3.696078431372549,1.2648266478981056,Neutral,Negative,0.5294117647058824,0.19607843137254902,0.27450980392156865,0.5294117647058824,4.118811881188119,1.5380970626905917,Medium,High,0.2871287128712871,0.19801980198019803,0.5148514851485149,0.5148514851485149
I740,Shot 3,Object,1.9166666666666667,0.9775517769589057,Negative,Negative,0.9259259259259259,0.06481481481481481,0.009259259259259259,0.9259259259259259,4.173076923076923,2.0310325830101035,Medium,High,0.3173076923076923,0.15384615384615385,0.5288461538461539,0.5288461538461539
I741,Shot 4,Object,2.549019607843137,1.1909514540687036,Negative,Negative,0.7352941176470589,0.24509803921568626,0.0196078431372549,0.7352941176470589,3.603960396039604,1.7948771987007472,Medium,Low,0.44554455445544555,0.16831683168316833,0.38613861386138615,0.44554455445544555
I742,Shot 5,Object,3.0294117647058822,1.0573259972282327,Negative,Negative,0.6078431372549019,0.3627450980392157,0.029411764705882353,0.6078431372549019,3.712871287128713,1.7739032310888119,Medium,Low,0.40594059405940597,0.19801980198019803,0.39603960396039606,0.40594059405940597
I743,Siblings 1,Person,6.203703703703703,1.002420055397332,Positive,Positive,0.0,0.06481481481481481,0.9351851851851852,0.9351851851851852,3.980769230769231,1.8642303351101852,Medium,High,0.33653846153846156,0.18269230769230768,0.4807692307692308,0.4807692307692308
I744,Sidewalk 1,Object,4.313725490196078,0.7033215700012089,Neutral,Neutral,0.00980392156862745,0.7450980392156863,0.24509803921568626,0.7450980392156863,2.297029702970297,1.3895650719231938,Low,Low,0.7227722772277227,0.21782178217821782,0.0594059405940594,0.7227722772277227
I745,Sidewalk 2,Object,4.568627450980392,1.1389573477663955,Positive,Positive,0.12745098039215685,0.4215686274509804,0.45098039215686275,0.45098039215686275,2.4158415841584158,1.3657768978326825,Low,Low,0.7128712871287128,0.22772277227722773,0.0594059405940594,0.7128712871287128
I746,Sidewalk 3,Object,4.297029702970297,0.5752313352981658,Neutral,Neutral,0.019801980198019802,0.7029702970297029,0.27722772277227725,0.7029702970297029,2.233009708737864,1.4766408851939543,Low,Low,0.7184466019417476,0.21359223300970873,0.06796116504854369,0.7184466019417476
I747,Sidewalk 4,Object,5.46078431372549,1.0960917847258886,Positive,Positive,0.00980392156862745,0.23529411764705882,0.7549019607843137,0.7549019607843137,3.386138613861386,1.555443968966436,Low,Low,0.45544554455445546,0.3069306930693069,0.2376237623762376,0.45544554455445546
I748,Sidewalk 5,Object,4.46078431372549,0.7793316332621111,Neutral,Neutral,0.00980392156862745,0.6470588235294118,0.3431372549019608,0.6470588235294118,1.9801980198019802,1.3340179760393183,Low,Low,0.801980198019802,0.1485148514851485,0.04950495049504951,0.801980198019802
I749,Sidewalk 6,Object,2.8333333333333335,1.4764376000355315,Negative,Neutral,0.46078431372549017,0.5,0.0392156862745098,0.5,1.9207920792079207,1.2781484132668763,Low,Low,0.801980198019802,0.15841584158415842,0.039603960396039604,0.801980198019802
I750,Skier 1,Person,5.472222222222222,0.9115903053100128,Positive,Positive,0.0,0.1388888888888889,0.8611111111111112,0.8611111111111112,4.221153846153846,1.795121386323373,Medium,High,0.3076923076923077,0.15384615384615385,0.5384615384615384,0.5384615384615384
I751,Skijump 1,Scene,4.5,1.1496878612118255,Positive,Positive,0.18627450980392157,0.3137254901960784,0.5,0.5,3.99009900990099,1.774796041831007,Medium,High,0.36633663366336633,0.1782178217821782,0.45544554455445546,0.45544554455445546
I752,Skijump 2,Scene,4.861386138613861,1.0679859827759635,Positive,Positive,0.04950495049504951,0.3564356435643564,0.594059405940594,0.594059405940594,4.194174757281553,1.6393342289656858,Medium,High,0.30097087378640774,0.22330097087378642,0.47572815533980584,0.47572815533980584
I753,Skinhead 1,Person,3.0555555555555554,1.2885791155655328,Negative,Negative,0.6666666666666666,0.2222222222222222,0.1111111111111111,0.6666666666666666,3.3461538461538463,1.7777985228231161,Low,Low,0.5,0.125,0.375,0.5
I754,Sky 1,Scene,4.647058823529412,0.9296763923674383,Positive,Positive,0.058823529411764705,0.45098039215686275,0.49019607843137253,0.49019607843137253,2.871287128712871,1.6891617230841673,Low,Low,0.6138613861386139,0.22772277227722773,0.15841584158415842,0.6138613861386139
I755,Skydiving 1,Scene,5.231481481481482,1.2723257200778488,Positive,Positive,0.07407407407407407,0.14814814814814814,0.7777777777777778,0.7777777777777778,4.6826923076923075,1.590410724730663,High,High,0.20192307692307693,0.10576923076923077,0.6923076923076923,0.6923076923076923
I756,Skydiving 2,Person,5.333333333333333,1.1374222491833426,Positive,Positive,0.0392156862745098,0.17647058823529413,0.7843137254901961,0.7843137254901961,4.603960396039604,1.7267264283654902,High,High,0.21782178217821782,0.0891089108910891,0.693069306930693,0.693069306930693
I757,Skydiving 3,Person,5.079207920792079,1.2544573991717032,Positive,Positive,0.09900990099009901,0.19801980198019803,0.7029702970297029,0.7029702970297029,5.048543689320389,1.7171490324206335,High,High,0.1650485436893204,0.10679611650485436,0.7281553398058253,0.7281553398058253
I758,Skydiving 4,Person,5.392156862745098,1.2360658025444127,Positive,Positive,0.058823529411764705,0.13725490196078433,0.803921568627451,0.803921568627451,4.396039603960396,1.581639705626993,Medium,High,0.2376237623762376,0.12871287128712872,0.6336633663366337,0.6336633663366337
I759,Skydiving 5,Person,4.892156862745098,1.273545473927161,Positive,Positive,0.1568627450980392,0.19607843137254902,0.6470588235294118,0.6470588235294118,5.118811881188119,1.4511176982786154,High,High,0.0891089108910891,0.13861386138613863,0.7722772277227723,0.7722772277227723
I760,Skyscraper 1,Scene,4.12962962962963,0.8438074878176052,Neutral,Neutral,0.10185185185185185,0.7037037037037037,0.19444444444444445,0.7037037037037037,2.25,1.3986817649528611,Low,Low,0.7115384615384616,0.23076923076923078,0.057692307692307696,0.7115384615384616
I761,Skyscraper 2,Scene,4.490196078431373,0.853009791120152,Neutral,Neutral,0.0392156862745098,0.5686274509803921,0.39215686274509803,0.5686274509803921,2.891089108910891,1.4893017833804532,Low,Low,0.6138613861386139,0.26732673267326734,0.1188118811881188,0.6138613861386139
I762,Sleepy pose 1,Person,2.588235294117647,1.649199873064587,Negative,Negative,0.5882352941176471,0.3431372549019608,0.06862745098039216,0.5882352941176471,3.4752475247524752,1.6223073654886768,Low,Low,0.44554455445544555,0.26732673267326734,0.2871287128712871,0.44554455445544555
I763,Sleepy pose 2,Person,3.6372549019607843,0.941761733191812,Neutral,Neutral,0.3627450980392157,0.5392156862745098,0.09803921568627451,0.5392156862745098,2.603960396039604,1.4147735360883174,Low,Low,0.6732673267326733,0.26732673267326734,0.0594059405940594,0.6732673267326733
I764,Sleepy pose 3,Person,3.7058823529411766,0.9909315078999479,Neutral,Neutral,0.4019607843137255,0.4411764705882353,0.1568627450980392,0.4411764705882353,2.3564356435643563,1.4041663606271273,Low,Low,0.7722772277227723,0.13861386138613863,0.0891089108910891,0.7722772277227723
I765,Sleepy pose 4,Person,3.9607843137254903,0.9111147413090804,Neutral,Neutral,0.2647058823529412,0.5392156862745098,0.19607843137254902,0.5392156862745098,2.5247524752475248,1.4872394521793766,Low,Low,0.7029702970297029,0.18811881188118812,0.10891089108910891,0.7029702970297029
I766,Smiling face 1,Person,5.638888888888889,1.171773424985205,Positive,Positive,0.018518518518518517,0.2037037037037037,0.7777777777777778,0.7777777777777778,4.125,1.6934339215339764,Medium,High,0.3173076923076923,0.21153846153846154,0.47115384615384615,0.47115384615384615
I767,Snake 1,Animal,3.0,1.3200660049504125,Negative,Negative,0.5882352941176471,0.29411764705882354,0.11764705882352941,0.5882352941176471,4.178217821782178,1.9411132867710756,Medium,High,0.32673267326732675,0.16831683168316833,0.504950495049505,0.504950495049505
I768,Snake 2,Animal,3.0784313725490198,1.4397901009687497,Negative,Negative,0.5784313725490197,0.22549019607843138,0.19607843137254902,0.5784313725490197,4.257425742574258,1.916525321233897,Medium,High,0.297029702970297,0.21782178217821782,0.48514851485148514,0.48514851485148514
I769,Snake 3,Animal,2.911764705882353,1.379503004037299,Negative,Negative,0.6470588235294118,0.21568627450980393,0.13725490196078433,0.6470588235294118,4.574257425742574,1.9613593992609584,High,High,0.27722772277227725,0.09900990099009901,0.6237623762376238,0.6237623762376238
I770,Snake 4,Animal,2.372549019607843,1.2658622751126936,Negative,Negative,0.7941176470588235,0.1568627450980392,0.049019607843137254,0.7941176470588235,4.801980198019802,1.9288328179507834,High,High,0.22772277227722773,0.04950495049504951,0.7227722772277227,0.7227722772277227
I771,Snake 5,Animal,2.900990099009901,1.3453992009440878,Negative,Negative,0.6831683168316832,0.19801980198019803,0.1188118811881188,0.6831683168316832,4.398058252427185,1.8541940050431864,Medium,High,0.2912621359223301,0.0970873786407767,0.6116504854368932,0.6116504854368932
I772,Snake 6,Animal,3.108910891089109,1.4205702383128396,Negative,Negative,0.6336633663366337,0.21782178217821782,0.1485148514851485,0.6336633663366337,4.233009708737864,1.890138927849348,Medium,High,0.30097087378640774,0.1553398058252427,0.5436893203883495,0.5436893203883495
I773,Snow 1,Scene,4.627450980392157,0.8550556536510436,Positive,Neutral,0.00980392156862745,0.5490196078431373,0.4411764705882353,0.5490196078431373,2.287128712871287,1.4376135340442948,Low,Low,0.7326732673267327,0.19801980198019803,0.06930693069306931,0.7326732673267327
I774,Snow 2,Scene,4.549019607843137,0.8160209056290206,Positive,Neutral,0.029411764705882353,0.5392156862745098,0.43137254901960786,0.5392156862745098,2.257425742574257,1.439815719781769,Low,Low,0.693069306930693,0.2376237623762376,0.06930693069306931,0.693069306930693
I775,Snow 3,Scene,4.564814814814815,0.9300100305774834,Positive,Neutral,0.046296296296296294,0.5648148148148148,0.3888888888888889,0.5648148148148148,2.3365384615384617,1.5176027143183253,Low,Low,0.7211538461538461,0.18269230769230768,0.09615384615384616,0.7211538461538461
I776,Snow 4,Scene,3.4444444444444446,1.3830302186394128,Negative,Neutral,0.3055555555555556,0.5185185185185185,0.17592592592592593,0.5185185185185185,2.6634615384615383,1.6987178312924747,Low,Low,0.6346153846153846,0.15384615384615385,0.21153846153846154,0.6346153846153846
I777,Snow 5,Scene,4.823529411764706,0.9991260012896851,Positive,Positive,0.029411764705882353,0.4019607843137255,0.5686274509803921,0.5686274509803921,2.900990099009901,1.734963691234197,Low,Low,0.6336633663366337,0.1485148514851485,0.21782178217821782,0.6336633663366337
I778,Soccer 1,Object,4.362745098039215,0.7550387267790499,Neutral,Neutral,0.0196078431372549,0.696078431372549,0.28431372549019607,0.696078431372549,2.4455445544554455,1.5064876204254218,Low,Low,0.6633663366336634,0.24752475247524752,0.0891089108910891,0.6633663366336634
I779,Soccer 2,Object,4.594059405940594,0.9075044663447357,Positive,Neutral,0.04950495049504951,0.48514851485148514,0.46534653465346537,0.48514851485148514,2.8640776699029127,1.5278367616924364,Low,Low,0.6310679611650486,0.22330097087378642,0.14563106796116504,0.6310679611650486
I780,Socks 1,Object,4.203703703703703,0.5596938291745416,Neutral,Neutral,0.037037037037037035,0.7592592592592593,0.2037037037037037,0.7592592592592593,1.9038461538461537,1.3547416245563033,Low,Low,0.7980769230769231,0.14423076923076922,0.057692307692307696,0.7980769230769231
I781,Solar panel 1,Scene,5.009803921568627,1.2226824757148165,Positive,Positive,0.029411764705882353,0.4117647058823529,0.5588235294117647,0.5588235294117647,2.732673267326733,1.5930542307712623,Low,Low,0.6237623762376238,0.19801980198019803,0.1782178217821782,0.6237623762376238
I782,Soldiers 1,Scene,4.157407407407407,1.3953329220329833,Neutral,Positive,0.3333333333333333,0.3055555555555556,0.3611111111111111,0.3611111111111111,4.019230769230769,1.6836205164216511,Medium,High,0.3173076923076923,0.21153846153846154,0.47115384615384615,0.47115384615384615
I783,Soldiers 2,Person,4.00990099009901,1.19578467547423,Neutral,Neutral,0.33663366336633666,0.3465346534653465,0.31683168316831684,0.3465346534653465,3.504854368932039,1.638230671634989,Medium,Low,0.4174757281553398,0.23300970873786409,0.34951456310679613,0.4174757281553398
I784,Soldiers 3,Person,4.3861386138613865,1.4830394265136917,Neutral,Positive,0.2871287128712871,0.15841584158415842,0.5544554455445545,0.5544554455445545,4.456310679611651,1.8191610813192955,Medium,High,0.27184466019417475,0.14563106796116504,0.5825242718446602,0.5825242718446602
I785,Soldiers 4,Scene,4.666666666666667,1.517771512130961,Positive,Positive,0.22549019607843138,0.22549019607843138,0.5490196078431373,0.5490196078431373,4.287128712871287,1.7049142715301924,Medium,High,0.25742574257425743,0.2376237623762376,0.504950495049505,0.504950495049505
I786,Soldiers 5,Person,4.9405940594059405,1.0660373556139375,Positive,Positive,0.0594059405940594,0.26732673267326734,0.6732673267326733,0.6732673267326733,3.3883495145631066,1.5481361957410231,Low,Low,0.4368932038834951,0.3106796116504854,0.2524271844660194,0.4368932038834951
I787,Soldiers 6,Person,4.092592592592593,1.0003460806471494,Neutral,Neutral,0.19444444444444445,0.5370370370370371,0.26851851851851855,0.5370370370370371,3.4326923076923075,1.7109834966373862,Low,Low,0.4326923076923077,0.2980769230769231,0.2692307692307692,0.4326923076923077
I788,Soldiers 7,Person,2.613861386138614,1.1997524497137146,Negative,Negative,0.7920792079207921,0.15841584158415842,0.04950495049504951,0.7920792079207921,4.077669902912621,1.8507514127857425,Medium,High,0.34951456310679613,0.14563106796116504,0.5048543689320388,0.5048543689320388
I789,Soldiers 8,Person,2.509259259259259,1.2035412729557127,Negative,Negative,0.7777777777777778,0.17592592592592593,0.046296296296296294,0.7777777777777778,3.9326923076923075,1.7750395760769062,Medium,High,0.3173076923076923,0.23076923076923078,0.4519230769230769,0.4519230769230769
I790,Soldiers 9,Person,3.4705882352941178,1.3766502777346734,Negative,Negative,0.5686274509803921,0.24509803921568626,0.18627450980392157,0.5686274509803921,4.673267326732673,1.4839737928352315,High,High,0.1782178217821782,0.15841584158415842,0.6633663366336634,0.6633663366336634
I791,Soldiers 10,Scene,2.603960396039604,1.378979390134545,Negative,Negative,0.7821782178217822,0.1485148514851485,0.06930693069306931,0.7821782178217822,4.174757281553398,1.8493622878935143,Medium,High,0.3106796116504854,0.17475728155339806,0.5145631067961165,0.5145631067961165
I792,Soup 1,Object,5.0495049504950495,0.9420853212290528,Positive,Positive,0.0,0.3465346534653465,0.6534653465346535,0.6534653465346535,2.9805825242718447,1.6086809998565434,Low,Low,0.5922330097087378,0.24271844660194175,0.1650485436893204,0.5922330097087378
I793,Spider 1,Animal,3.0686274509803924,1.477620537855524,Negative,Negative,0.6078431372549019,0.27450980392156865,0.11764705882352941,0.6078431372549019,4.01980198019802,1.913009137562087,Medium,High,0.3564356435643564,0.19801980198019803,0.44554455445544555,0.44554455445544555
I794,Spider 2,Animal,2.9019607843137254,1.4177782362414,Negative,Negative,0.6470588235294118,0.22549019607843138,0.12745098039215685,0.6470588235294118,4.702970297029703,1.9367217376559056,High,High,0.26732673267326734,0.10891089108910891,0.6237623762376238,0.6237623762376238
I795,Statue 1,Object,5.333333333333333,1.1600837868547962,Positive,Positive,0.05555555555555555,0.2037037037037037,0.7407407407407407,0.7407407407407407,2.8076923076923075,1.6314679974600697,Low,Low,0.6730769230769231,0.14423076923076922,0.18269230769230768,0.6730769230769231
I796,Statue 2,Object,5.03921568627451,1.3564774461559332,Positive,Positive,0.12745098039215685,0.19607843137254902,0.6764705882352942,0.6764705882352942,3.366336633663366,1.4881046487208334,Low,Low,0.4752475247524752,0.2376237623762376,0.2871287128712871,0.4752475247524752
I797,Stingray 1,Animal,4.544554455445544,1.127162388258653,Positive,Positive,0.13861386138613863,0.38613861386138615,0.4752475247524752,0.4752475247524752,3.563106796116505,1.5883763007538538,Medium,Low,0.42718446601941745,0.2621359223300971,0.3106796116504854,0.42718446601941745
I798,Stingray 2,Animal,4.754901960784314,1.1207871571709258,Positive,Positive,0.0784313725490196,0.3235294117647059,0.5980392156862745,0.5980392156862745,3.732673267326733,1.642504728205742,Medium,Low,0.42574257425742573,0.18811881188118812,0.38613861386138615,0.42574257425742573
I799,Stingray 3,Animal,4.534653465346534,1.196364128813996,Positive,Positive,0.16831683168316833,0.3465346534653465,0.48514851485148514,0.48514851485148514,4.087378640776699,1.621587192195428,Medium,High,0.2912621359223301,0.1941747572815534,0.5145631067961165,0.5145631067961165
I800,Storage 1,Object,4.019607843137255,0.7443568844465837,Neutral,Neutral,0.10784313725490197,0.7843137254901961,0.10784313725490197,0.7843137254901961,2.01980198019802,1.3189404688597737,Low,Low,0.7821782178217822,0.18811881188118812,0.0297029702970297,0.7821782178217822
I801,Storage 2,Object,4.00990099009901,0.6707465915671953,Neutral,Neutral,0.1188118811881188,0.7722772277227723,0.10891089108910891,0.7722772277227723,2.2524271844660193,1.3912784824485527,Low,Low,0.7475728155339806,0.20388349514563106,0.04854368932038835,0.7475728155339806
I802,Storage 3,Object,3.7058823529411766,1.1396389500702322,Neutral,Neutral,0.3137254901960784,0.5882352941176471,0.09803921568627451,0.5882352941176471,2.5544554455445545,1.5064876204254216,Low,Low,0.7029702970297029,0.16831683168316833,0.12871287128712872,0.7029702970297029
I803,Street 1,Scene,4.549019607843137,0.9608932620212635,Positive,Neutral,0.049019607843137254,0.5098039215686274,0.4411764705882353,0.5098039215686274,2.6633663366336635,1.4783587367264568,Low,Low,0.6237623762376238,0.26732673267326734,0.10891089108910891,0.6237623762376238
I804,Street 2,Scene,4.611111111111111,1.134285837595937,Positive,Positive,0.1111111111111111,0.4351851851851852,0.4537037037037037,0.4537037037037037,3.1634615384615383,1.7242450264181444,Low,Low,0.5192307692307693,0.23076923076923078,0.25,0.5192307692307693
I805,Street 3,Scene,5.0588235294117645,0.9421224133928259,Positive,Positive,0.00980392156862745,0.30392156862745096,0.6862745098039216,0.6862745098039216,3.3069306930693068,1.7305639211391513,Low,Low,0.46534653465346537,0.25742574257425743,0.27722772277227725,0.46534653465346537
I806,Street 4,Scene,4.882352941176471,0.9259099634077811,Positive,Positive,0.0,0.43137254901960786,0.5686274509803921,0.5686274509803921,2.712871287128713,1.3291849657844188,Low,Low,0.6435643564356436,0.27722772277227725,0.07920792079207921,0.6435643564356436
I807,Street 5,Scene,4.049019607843137,0.9268006394874252,Neutral,Neutral,0.18627450980392157,0.6274509803921569,0.18627450980392157,0.6274509803921569,2.237623762376238,1.30497904083924,Low,Low,0.7326732673267327,0.2376237623762376,0.0297029702970297,0.7326732673267327
I808,Sun 1,Object,4.415841584158416,1.358435325900157,Neutral,Positive,0.22772277227722773,0.3564356435643564,0.4158415841584158,0.4158415841584158,4.504854368932039,1.8517283204350776,High,High,0.27184466019417475,0.13592233009708737,0.5922330097087378,0.5922330097087378
I809,Sunflower 1,Scene,5.871287128712871,1.0739028479023012,Positive,Positive,0.009900990099009901,0.0891089108910891,0.900990099009901,0.900990099009901,3.825242718446602,1.7735927006957277,Medium,High,0.3883495145631068,0.17475728155339806,0.4368932038834951,0.4368932038834951
I810,Sunset 1,Scene,6.068627450980392,1.0365575540235763,Positive,Positive,0.00980392156862745,0.06862745098039216,0.9215686274509803,0.9215686274509803,3.772277227722772,1.8648388033222167,Medium,High,0.43564356435643564,0.09900990099009901,0.46534653465346537,0.46534653465346537
I811,Sunset 2,Scene,6.009803921568627,0.9999514645569643,Positive,Positive,0.0,0.0784313725490196,0.9215686274509803,0.9215686274509803,4.108910891089109,1.754428625501818,Medium,High,0.39603960396039606,0.1485148514851485,0.45544554455445546,0.45544554455445546
I812,Sunset 3,Scene,6.12037037037037,0.9832008816581276,Positive,Positive,0.0,0.07407407407407407,0.9259259259259259,0.9259259259259259,3.7115384615384617,1.9140415073112265,Medium,Low,0.4519230769230769,0.10576923076923077,0.4423076923076923,0.4519230769230769
I813,Sunset 4,Scene,6.107843137254902,0.9941100079084424,Positive,Positive,0.00980392156862745,0.0392156862745098,0.9509803921568627,0.9509803921568627,4.316831683168317,1.8326521386739325,Medium,High,0.297029702970297,0.1485148514851485,0.5544554455445545,0.5544554455445545
I814,Sunset 5,Scene,5.87962962962963,1.1250552849767281,Positive,Positive,0.018518518518518517,0.09259259259259259,0.8888888888888888,0.8888888888888888,3.5384615384615383,1.8846496773335193,Medium,Low,0.4423076923076923,0.18269230769230768,0.375,0.4423076923076923
I815,Sunset 6,Scene,5.814814814814815,1.0425359820155666,Positive,Positive,0.0,0.12037037037037036,0.8796296296296297,0.8796296296296297,3.326923076923077,1.8509630539357347,Low,Low,0.5288461538461539,0.11538461538461539,0.3557692307692308,0.5288461538461539
I816,Surgery 1,Person,2.911764705882353,1.14410188890996,Negative,Negative,0.696078431372549,0.24509803921568626,0.058823529411764705,0.696078431372549,4.3861386138613865,1.8164266956291024,Medium,High,0.24752475247524752,0.2079207920792079,0.5445544554455446,0.5445544554455446
I817,Surgery 2,Person,4.0,1.2604701689167308,Neutral,Neutral,0.3333333333333333,0.37037037037037035,0.2962962962962963,0.37037037037037035,3.7211538461538463,1.7924151454870803,Medium,High,0.3557692307692308,0.27884615384615385,0.36538461538461536,0.36538461538461536
I818,Surgery 3,Person,3.675925925925926,1.3863736310710186,Neutral,Negative,0.48148148148148145,0.28703703703703703,0.23148148148148148,0.48148148148148145,3.9134615384615383,1.790539198081285,Medium,High,0.33653846153846156,0.22115384615384615,0.4423076923076923,0.4423076923076923
I819,Surgery 4,Person,3.485148514851485,1.1883927077034646,Negative,Negative,0.504950495049505,0.3069306930693069,0.18811881188118812,0.504950495049505,3.8932038834951457,1.8624915915547704,Medium,High,0.39805825242718446,0.17475728155339806,0.42718446601941745,0.42718446601941745
I820,Surgery 5,Person,3.9901960784313726,1.4589776567023727,Neutral,Positive,0.30392156862745096,0.3235294117647059,0.37254901960784315,0.37254901960784315,4.1683168316831685,1.6915632233569815,Medium,High,0.297029702970297,0.16831683168316833,0.5346534653465347,0.5346534653465347
I821,Surprise 1,Person,4.686274509803922,1.1167526486889197,Positive,Positive,0.14705882352941177,0.2549019607843137,0.5980392156862745,0.5980392156862745,4.069306930693069,1.5182715550426034,Medium,High,0.2871287128712871,0.2079207920792079,0.504950495049505,0.504950495049505
I822,Surprise 2,Person,5.294117647058823,1.1738759974159367,Positive,Positive,0.049019607843137254,0.13725490196078433,0.8137254901960784,0.8137254901960784,3.6435643564356437,1.735420170539928,Medium,Low,0.4158415841584158,0.19801980198019803,0.38613861386138615,0.4158415841584158
I823,Swimming 1,Person,5.0594059405940595,1.0081843301521585,Positive,Positive,0.009900990099009901,0.33663366336633666,0.6534653465346535,0.6534653465346535,3.621359223300971,1.6034063302511896,Medium,Low,0.36893203883495146,0.2912621359223301,0.33980582524271846,0.36893203883495146
I824,Swingset 1,Object,4.313725490196078,0.7309344643844652,Neutral,Neutral,0.08823529411764706,0.5784313725490197,0.3333333333333333,0.5784313725490197,2.712871287128713,1.5384188874514402,Low,Low,0.6039603960396039,0.25742574257425743,0.13861386138613863,0.6039603960396039
I825,Thunderstorm 1,Scene,3.1666666666666665,1.3568793223154014,Negative,Negative,0.7037037037037037,0.1388888888888889,0.1574074074074074,0.7037037037037037,4.548076923076923,1.7729346397269805,High,High,0.20192307692307693,0.16346153846153846,0.6346153846153846,0.6346153846153846
I826,Thunderstorm 2,Scene,5.055555555555555,1.4262776422466228,Positive,Positive,0.12037037037037036,0.16666666666666666,0.7129629629629629,0.7129629629629629,4.548076923076923,1.7116381053640193,High,High,0.20192307692307693,0.17307692307692307,0.625,0.625
I827,Thunderstorm 3,Scene,3.9603960396039604,1.326052729564009,Neutral,Negative,0.40594059405940597,0.2871287128712871,0.3069306930693069,0.40594059405940597,4.679611650485437,1.744535402127082,High,High,0.21359223300970873,0.1262135922330097,0.6601941747572816,0.6601941747572816
I828,Thunderstorm 4,Scene,3.4455445544554455,1.396246736968452,Negative,Negative,0.5346534653465347,0.24752475247524752,0.21782178217821782,0.5346534653465347,4.640776699029126,1.7425154734285766,High,High,0.22330097087378642,0.17475728155339806,0.6019417475728155,0.6019417475728155
I829,Thunderstorm 5,Scene,4.752475247524752,1.2837907975527743,Positive,Positive,0.1188118811881188,0.38613861386138615,0.49504950495049505,0.49504950495049505,4.524271844660194,1.8032903488453325,High,High,0.24271844660194175,0.18446601941747573,0.5728155339805825,0.5728155339805825
I830,Thunderstorm 6,Scene,4.5092592592592595,1.410874789084493,Positive,Positive,0.23148148148148148,0.25925925925925924,0.5092592592592593,0.5092592592592593,4.509615384615385,1.8007290449574163,High,High,0.25961538461538464,0.11538461538461539,0.625,0.625
I831,Thunderstorm 7,Scene,4.485148514851486,1.1799479767018426,Neutral,Positive,0.16831683168316833,0.37623762376237624,0.45544554455445546,0.45544554455445546,4.155339805825243,1.7306764038295868,Medium,High,0.30097087378640774,0.21359223300970873,0.4854368932038835,0.4854368932038835
I832,Thunderstorm 8,Scene,4.372549019607843,1.3637569585992007,Neutral,Positive,0.23529411764705882,0.3137254901960784,0.45098039215686275,0.45098039215686275,4.742574257425742,1.8420285847213915,High,High,0.22772277227722773,0.15841584158415842,0.6138613861386139,0.6138613861386139
I833,Thunderstorm 9,Scene,4.607843137254902,1.244050098837576,Positive,Positive,0.17647058823529413,0.2647058823529412,0.5588235294117647,0.5588235294117647,4.752475247524752,1.4028965791822248,High,High,0.13861386138613863,0.24752475247524752,0.6138613861386139,0.6138613861386139
I834,Thunderstorm 10,Scene,4.366336633663367,1.1893088100003946,Neutral,Positive,0.19801980198019803,0.39603960396039606,0.40594059405940597,0.40594059405940597,4.407766990291262,1.6886988447652356,Medium,High,0.23300970873786409,0.20388349514563106,0.5631067961165048,0.5631067961165048
I835,Thunderstorm 11,Scene,3.9444444444444446,1.56380397302335,Neutral,Negative,0.4351851851851852,0.19444444444444445,0.37037037037037035,0.4351851851851852,4.413461538461538,1.7326705182232254,Medium,High,0.23076923076923078,0.16346153846153846,0.6057692307692307,0.6057692307692307
I836,Tickling 1,Person,5.362745098039215,1.2648266478981056,Positive,Positive,0.058823529411764705,0.17647058823529413,0.7647058823529411,0.7647058823529411,3.881188118811881,1.6265738760527988,Medium,High,0.33663366336633666,0.2871287128712871,0.37623762376237624,0.37623762376237624
I837,Tiger 1,Animal,4.742574257425742,1.3831374866334485,Positive,Positive,0.22772277227722773,0.15841584158415842,0.6138613861386139,0.6138613861386139,4.902912621359223,1.5812291266965863,High,High,0.1650485436893204,0.14563106796116504,0.6893203883495146,0.6893203883495146
I838,Tiger 2,Animal,5.392156862745098,1.1531863970059502,Positive,Positive,0.0392156862745098,0.21568627450980393,0.7450980392156863,0.7450980392156863,4.396039603960396,1.5236745579079023,Medium,High,0.2376237623762376,0.2376237623762376,0.5247524752475248,0.5247524752475248
I839,Timber 1,Object,3.8316831683168315,1.0589552108629814,Neutral,Neutral,0.22772277227722773,0.6435643564356436,0.12871287128712872,0.6435643564356436,2.6699029126213594,1.6767636282408542,Low,Low,0.6407766990291263,0.20388349514563106,0.1553398058252427,0.6407766990291263
I840,Timber 2,Object,4.333333333333333,0.998348471209826,Neutral,Neutral,0.10784313725490197,0.5784313725490197,0.3137254901960784,0.5784313725490197,2.108910891089109,1.45534181619996,Low,Low,0.7722772277227723,0.15841584158415842,0.06930693069306931,0.7722772277227723
I841,Timber 3,Object,4.12037037037037,0.8170792820360652,Neutral,Neutral,0.09259259259259259,0.7129629629629629,0.19444444444444445,0.7129629629629629,2.2884615384615383,1.6290629680421056,Low,Low,0.6826923076923077,0.22115384615384615,0.09615384615384616,0.6826923076923077
I842,Timber 4,Object,4.303921568627451,0.7283402491556328,Neutral,Neutral,0.0392156862745098,0.7058823529411765,0.2549019607843137,0.7058823529411765,2.267326732673267,1.3703363755582851,Low,Low,0.693069306930693,0.2871287128712871,0.019801980198019802,0.693069306930693
I843,Toast 1,Person,4.801980198019802,1.2885635566800577,Positive,Positive,0.1188118811881188,0.24752475247524752,0.6336633663366337,0.6336633663366337,3.6699029126213594,1.5300156958990045,Medium,Low,0.4077669902912621,0.24271844660194175,0.34951456310679613,0.4077669902912621
I844,Toilet 1,Object,3.803921568627451,0.8447767961845144,Neutral,Neutral,0.19607843137254902,0.7450980392156863,0.058823529411764705,0.7450980392156863,2.3564356435643563,1.4804334393402603,Low,Low,0.7227722772277227,0.2079207920792079,0.06930693069306931,0.7227722772277227
I845,Toilet 2,Object,3.6481481481481484,0.9600897038971145,Neutral,Neutral,0.2962962962962963,0.6388888888888888,0.06481481481481481,0.6388888888888888,2.2884615384615383,1.3629855644840063,Low,Low,0.7307692307692307,0.20192307692307693,0.0673076923076923,0.7307692307692307
I846,Toilet 3,Object,3.8333333333333335,0.8569267368586618,Neutral,Neutral,0.23529411764705882,0.6372549019607843,0.12745098039215685,0.6372549019607843,2.366336633663366,1.286256368514673,Low,Low,0.7326732673267327,0.22772277227722773,0.039603960396039604,0.7326732673267327
I847,Toilet 4,Object,2.5346534653465347,1.2129662520914881,Negative,Negative,0.8118811881188119,0.09900990099009901,0.0891089108910891,0.8118811881188119,3.1553398058252426,1.7643378003081045,Low,Low,0.5436893203883495,0.17475728155339806,0.2815533980582524,0.5436893203883495
I848,Tornado 1,Scene,2.0980392156862746,1.1125726490602772,Negative,Negative,0.8823529411764706,0.0784313725490196,0.0392156862745098,0.8823529411764706,5.0594059405940595,1.9174033596414597,High,High,0.22772277227722773,0.0594059405940594,0.7128712871287128,0.7128712871287128
I849,Tornado 2,Scene,3.519607843137255,1.4807704186703499,Neutral,Negative,0.5392156862745098,0.21568627450980393,0.24509803921568626,0.5392156862745098,4.7227722772277225,1.674029939285365,High,High,0.1782178217821782,0.13861386138613863,0.6831683168316832,0.6831683168316832
I850,Tornado 3,Scene,2.6633663366336635,1.227006338392531,Negative,Negative,0.7821782178217822,0.16831683168316833,0.04950495049504951,0.7821782178217822,4.679611650485437,1.8482296364041302,High,High,0.24271844660194175,0.13592233009708737,0.6213592233009708,0.6213592233009708
I851,Tornado 4,Scene,2.696078431372549,1.362795726368195,Negative,Negative,0.7549019607843137,0.1568627450980392,0.08823529411764706,0.7549019607843137,5.138613861386139,1.6554739682054624,High,High,0.13861386138613863,0.06930693069306931,0.7920792079207921,0.7920792079207921
I852,Tornado 5,Scene,3.25,1.4669250692787634,Negative,Negative,0.6666666666666666,0.12037037037037036,0.21296296296296297,0.6666666666666666,4.278846153846154,1.8246251418141763,Medium,High,0.27884615384615385,0.14423076923076922,0.5769230769230769,0.5769230769230769
I853,Torture chamber 1,Object,3.3627450980392157,1.2957601514266588,Negative,Neutral,0.4215686274509804,0.46078431372549017,0.11764705882352941,0.46078431372549017,3.2475247524752477,1.6697660949609645,Low,Low,0.5346534653465347,0.19801980198019803,0.26732673267326734,0.5346534653465347
I854,Traffic 1,Scene,4.623762376237623,1.1300573892375099,Positive,Positive,0.1188118811881188,0.39603960396039606,0.48514851485148514,0.48514851485148514,4.233009708737864,1.7046872146833318,Medium,High,0.2912621359223301,0.18446601941747573,0.5242718446601942,0.5242718446601942
I855,Tumor 1,Person,1.4019607843137254,0.7211075628911298,Negative,Negative,0.9901960784313726,0.0,0.00980392156862745,0.9901960784313726,4.9405940594059405,2.244200446387166,High,High,0.26732673267326734,0.019801980198019802,0.7128712871287128,0.7128712871287128
I856,Volcano 1,Scene,3.7524752475247523,1.2280548896043646,Neutral,Negative,0.42574257425742573,0.37623762376237624,0.19801980198019803,0.42574257425742573,3.9805825242718447,1.674377745256205,Medium,High,0.3592233009708738,0.22330097087378642,0.4174757281553398,0.4174757281553398
I857,Volcano 2,Scene,2.6372549019607843,1.546565762311435,Negative,Negative,0.7254901960784313,0.11764705882352941,0.1568627450980392,0.7254901960784313,5.237623762376238,1.6379775019913132,High,High,0.12871287128712872,0.12871287128712872,0.7425742574257426,0.7425742574257426
I858,Volcano 3,Scene,4.388888888888889,1.5028529462968578,Neutral,Positive,0.2962962962962963,0.2777777777777778,0.42592592592592593,0.42592592592592593,4.0576923076923075,1.699953871886586,Medium,High,0.2980769230769231,0.21153846153846154,0.49038461538461536,0.49038461538461536
I859,Wall 1,Object,4.078431372549019,0.5917966353570114,Neutral,Neutral,0.029411764705882353,0.8921568627450981,0.0784313725490196,0.8921568627450981,1.801980198019802,1.233043405401432,Low,Low,0.7821782178217822,0.21782178217821782,0.0,0.7821782178217822
I860,Wall 2,Object,4.029411764705882,0.4966398450605886,Neutral,Neutral,0.029411764705882353,0.9117647058823529,0.058823529411764705,0.9117647058823529,1.693069306930693,1.2388912321703287,Low,Low,0.8217821782178217,0.16831683168316833,0.009900990099009901,0.8217821782178217
I861,Wall 3,Object,4.0588235294117645,0.46295498170389054,Neutral,Neutral,0.029411764705882353,0.8921568627450981,0.0784313725490196,0.8921568627450981,1.811881188118812,1.301636441462275,Low,Low,0.801980198019802,0.1782178217821782,0.019801980198019802,0.801980198019802
I862,Wall 4,Object,3.99009900990099,0.49990098029410773,Neutral,Neutral,0.06930693069306931,0.8910891089108911,0.039603960396039604,0.8910891089108911,1.8349514563106797,1.3068228751564506,Low,Low,0.8058252427184466,0.17475728155339806,0.019417475728155338,0.8058252427184466
I863,Wall 5,Object,3.99009900990099,0.47947991626241226,Neutral,Neutral,0.07920792079207921,0.8811881188118812,0.039603960396039604,0.8811881188118812,1.8446601941747574,1.3192190318473265,Low,Low,0.8058252427184466,0.17475728155339806,0.019417475728155338,0.8058252427184466
I864,War 1,Person,1.7592592592592593,1.281575916343904,Negative,Negative,0.9074074074074074,0.037037037037037035,0.05555555555555555,0.9074074074074074,5.0,2.0,High,High,0.17307692307692307,0.11538461538461539,0.7115384615384616,0.7115384615384616
I865,War 2 ,Scene,2.396039603960396,1.5170972804721,Negative,Negative,0.801980198019802,0.0891089108910891,0.10891089108910891,0.801980198019802,4.58252427184466,1.8761886263539718,High,High,0.2621359223300971,0.14563106796116504,0.5922330097087378,0.5922330097087378
I866,War 3,Person,3.462962962962963,1.5493497335160578,Negative,Negative,0.5370370370370371,0.24074074074074073,0.2222222222222222,0.5370370370370371,4.3076923076923075,1.8699302882853817,Medium,High,0.25961538461538464,0.1346153846153846,0.6057692307692307,0.6057692307692307
I867,War 4,Person,2.9705882352941178,1.3820338173631892,Negative,Negative,0.696078431372549,0.18627450980392157,0.11764705882352941,0.696078431372549,4.782178217821782,1.6828782510689215,High,High,0.2079207920792079,0.10891089108910891,0.6831683168316832,0.6831683168316832
I868,War 5,Scene,2.4554455445544554,1.4527542977065842,Negative,Negative,0.7821782178217822,0.12871287128712872,0.0891089108910891,0.7821782178217822,4.388349514563107,2.1613041166122495,Medium,High,0.3106796116504854,0.14563106796116504,0.5436893203883495,0.5436893203883495
I869,War 6,Person,1.392156862745098,0.8805585844763599,Negative,Negative,0.9509803921568627,0.0392156862745098,0.00980392156862745,0.9509803921568627,5.01980198019802,2.0687203678593296,High,High,0.2079207920792079,0.0891089108910891,0.7029702970297029,0.7029702970297029
I870,War 7,Person,3.1782178217821784,1.7910669423779804,Negative,Negative,0.504950495049505,0.2079207920792079,0.2871287128712871,0.504950495049505,4.252427184466019,1.9134121385114027,Medium,High,0.30097087378640774,0.1650485436893204,0.5339805825242718,0.5339805825242718
I871,War 8,Scene,1.7156862745098038,0.9583138139191981,Negative,Negative,0.9705882352941176,0.00980392156862745,0.0196078431372549,0.9705882352941176,5.138613861386139,1.7608503796194444,High,High,0.1485148514851485,0.10891089108910891,0.7425742574257426,0.7425742574257426
I872,Waterfall 1,Scene,5.431372549019608,1.1476174537837431,Positive,Positive,0.0196078431372549,0.17647058823529413,0.803921568627451,0.803921568627451,4.00990099009901,1.5652159563775887,Medium,High,0.33663366336633666,0.1485148514851485,0.5148514851485149,0.5148514851485149
I873,Weapon 1,Object,2.8425925925925926,1.381872203113953,Negative,Negative,0.7222222222222222,0.14814814814814814,0.12962962962962962,0.7222222222222222,3.798076923076923,1.7756705704065483,Medium,High,0.375,0.22115384615384615,0.40384615384615385,0.40384615384615385
I874,Wedding 1,Person,5.673267326732673,1.1585241550445904,Positive,Positive,0.039603960396039604,0.13861386138613863,0.8217821782178217,0.8217821782178217,4.097087378640777,1.593581261620555,Medium,High,0.30097087378640774,0.2621359223300971,0.4368932038834951,0.4368932038834951
I875,Wedding 2,Person,5.784313725490196,1.1657441508986008,Positive,Positive,0.0392156862745098,0.10784313725490197,0.8529411764705882,0.8529411764705882,3.8415841584158414,1.6293107332079215,Medium,High,0.3564356435643564,0.2376237623762376,0.40594059405940597,0.40594059405940597
I876,Wedding 3,Person,5.784313725490196,1.2945235063615557,Positive,Positive,0.0392156862745098,0.12745098039215685,0.8333333333333334,0.8333333333333334,4.108910891089109,1.63034346135414,Medium,High,0.297029702970297,0.22772277227722773,0.4752475247524752,0.4752475247524752
I877,Wedding 4,Object,5.814814814814815,0.9967062405101756,Positive,Positive,0.0,0.12037037037037036,0.8796296296296297,0.8796296296296297,3.1153846153846154,1.6149044415968306,Low,Low,0.5576923076923077,0.18269230769230768,0.25961538461538464,0.5576923076923077
I878,Wedding 5,Person,5.735294117647059,1.2501601528155615,Positive,Positive,0.049019607843137254,0.10784313725490197,0.8431372549019608,0.8431372549019608,4.198019801980198,1.631072052241703,Medium,High,0.27722772277227725,0.24752475247524752,0.4752475247524752,0.4752475247524752
I879,Wedding 6,Person,6.0,0.9899494936611666,Positive,Positive,0.019801980198019802,0.039603960396039604,0.9405940594059405,0.9405940594059405,3.9223300970873787,1.5319430209310665,Medium,High,0.3300970873786408,0.2524271844660194,0.4174757281553398,0.4174757281553398
I880,Wedding 7,Object,5.284313725490196,1.2217294265470295,Positive,Positive,0.0392156862745098,0.21568627450980393,0.7450980392156863,0.7450980392156863,3.2475247524752477,1.5582422186172429,Low,Low,0.4752475247524752,0.32673267326732675,0.19801980198019803,0.4752475247524752
I881,Wedding 8,Object,5.627450980392157,1.116231004760721,Positive,Positive,0.0196078431372549,0.11764705882352941,0.8627450980392157,0.8627450980392157,3.8613861386138613,1.6126357491404997,Medium,High,0.37623762376237624,0.22772277227722773,0.39603960396039606,0.39603960396039606
I882,Wedding 9,Person,5.764705882352941,1.1955070227109474,Positive,Positive,0.029411764705882353,0.10784313725490197,0.8627450980392157,0.8627450980392157,4.0495049504950495,1.5451617237283763,Medium,High,0.2871287128712871,0.3069306930693069,0.40594059405940597,0.40594059405940597
I883,Wedding 10,Person,5.794117647058823,1.1374649187854877,Positive,Positive,0.029411764705882353,0.08823529411764706,0.8823529411764706,0.8823529411764706,4.158415841584159,1.5983283346504669,Medium,High,0.27722772277227725,0.26732673267326734,0.45544554455445546,0.45544554455445546
I884,Wedding 11,Object,5.019607843137255,1.1343458197347744,Positive,Positive,0.06862745098039216,0.2647058823529412,0.6666666666666666,0.6666666666666666,3.485148514851485,1.546698816099234,Low,Low,0.43564356435643564,0.3069306930693069,0.25742574257425743,0.43564356435643564
I885,Wedding 12,Scene,4.898148148148148,1.031647034607879,Positive,Positive,0.0,0.49074074074074076,0.5092592592592593,0.5092592592592593,2.5,1.526465553944353,Low,Low,0.6923076923076923,0.17307692307692307,0.1346153846153846,0.6923076923076923
I886,Wedding ring 1,Object,5.754901960784314,1.138317974941679,Positive,Positive,0.0,0.18627450980392157,0.8137254901960784,0.8137254901960784,3.6633663366336635,1.6749759862324731,Medium,Low,0.45544554455445546,0.18811881188118812,0.3564356435643564,0.45544554455445546
I887,Windmill 1,Object,3.1666666666666665,1.5131819540849092,Negative,Neutral,0.39814814814814814,0.4537037037037037,0.14814814814814814,0.4537037037037037,2.5384615384615383,1.5386482336310217,Low,Low,0.625,0.28846153846153844,0.08653846153846154,0.625
I888,Wolf 1,Animal,5.455445544554456,1.1092768137417055,Positive,Positive,0.039603960396039604,0.12871287128712872,0.8316831683168316,0.8316831683168316,4.271844660194175,1.5916089698439981,Medium,High,0.27184466019417475,0.22330097087378642,0.5048543689320388,0.5048543689320388
I889,Wolf 2,Animal,3.088235294117647,1.3431376091666234,Negative,Negative,0.6764705882352942,0.1568627450980392,0.16666666666666666,0.6764705882352942,4.673267326732673,1.6193141195647565,High,High,0.1782178217821782,0.1485148514851485,0.6732673267326733,0.6732673267326733
I890,Woods 1,Scene,3.784313725490196,1.2713713729389056,Neutral,Neutral,0.3137254901960784,0.5,0.18627450980392157,0.5,3.1683168316831685,1.5037905900137365,Low,Low,0.5643564356435643,0.22772277227722773,0.2079207920792079,0.5643564356435643
I891,Yarn 1,Object,2.5980392156862746,1.470904644664102,Negative,Negative,0.5196078431372549,0.45098039215686275,0.029411764705882353,0.5196078431372549,1.8712871287128714,1.2622469357192645,Low,Low,0.801980198019802,0.18811881188118812,0.009900990099009901,0.801980198019802
I892,Yarn 2,Object,4.108910891089109,0.4449941594899848,Neutral,Neutral,0.0297029702970297,0.8514851485148515,0.1188118811881188,0.8514851485148515,2.1650485436893203,1.400959666734373,Low,Low,0.7572815533980582,0.21359223300970873,0.02912621359223301,0.7572815533980582
I893,Yarn 3,Object,4.303921568627451,0.7006251195497131,Neutral,Neutral,0.00980392156862745,0.7745098039215687,0.21568627450980393,0.7745098039215687,1.9405940594059405,1.3101281019672681,Low,Low,0.7920792079207921,0.18811881188118812,0.019801980198019802,0.7920792079207921
I894,Yarn 4,Object,4.203703703703703,0.5071315569562997,Neutral,Neutral,0.009259259259259259,0.8148148148148148,0.17592592592592593,0.8148148148148148,1.9807692307692308,1.314451188447503,Low,Low,0.7596153846153846,0.22115384615384615,0.019230769230769232,0.7596153846153846
I895,Yoga 1,Person,5.564814814814815,1.061414574973128,Positive,Positive,0.009259259259259259,0.14814814814814814,0.8425925925925926,0.8425925925925926,3.4711538461538463,1.6188017309302376,Low,Low,0.4423076923076923,0.25,0.3076923076923077,0.4423076923076923
I896,Yoga 2,Person,3.0925925925925926,1.531824622334253,Negative,Negative,0.4722222222222222,0.39814814814814814,0.12962962962962962,0.4722222222222222,3.125,1.60513435907391,Low,Low,0.5673076923076923,0.2403846153846154,0.19230769230769232,0.5673076923076923
I897,Yoga 3,Person,5.490196078431373,0.9517581234373698,Positive,Positive,0.00980392156862745,0.13725490196078433,0.8529411764705882,0.8529411764705882,3.6435643564356437,1.473663180077738,Medium,Low,0.40594059405940597,0.27722772277227725,0.31683168316831684,0.40594059405940597
I898,Yoga 4,Person,5.7254901960784315,1.0064825796163828,Positive,Positive,0.00980392156862745,0.10784313725490197,0.8823529411764706,0.8823529411764706,3.99009900990099,1.8411683763575264,Medium,High,0.36633663366336633,0.1485148514851485,0.48514851485148514,0.48514851485148514
I899,Yoga 5,Person,3.450980392156863,1.5326638363500622,Negative,Neutral,0.35294117647058826,0.4019607843137255,0.24509803921568626,0.4019607843137255,3.297029702970297,1.7002620648326277,Low,Low,0.5346534653465347,0.15841584158415842,0.3069306930693069,0.5346534653465347
I900,Zebra 1,Animal,5.805555555555555,0.9614857402272985,Positive,Positive,0.0,0.09259259259259259,0.9074074074074074,0.9074074074074074,3.5673076923076925,1.653266393683711,Medium,Low,0.4326923076923077,0.23076923076923078,0.33653846153846156,0.4326923076923077
